chain_symbol,expiration_date,strike_price,option_type,side,order_created_at,direction,order_quantity,order_type,opening_strategy,closing_strategy,price,processed_quantity
AMD,2024-01-26,185.0000,call,sell,2024-01-24T20:59:57.563621Z,credit,3.00000,limit,,long_call,0.86000000,3.00000
AMD,2024-01-26,185.0000,call,sell,2024-01-24T20:49:54.767471Z,credit,14.00000,limit,,long_call,0.80000000,14.00000
AMD,2024-01-26,185.0000,call,buy,2024-01-24T20:26:08.272825Z,debit,3.00000,limit,long_call,,0.86000000,3.00000
AMD,2024-01-26,185.0000,call,buy,2024-01-24T20:23:46.672231Z,debit,4.00000,limit,long_call,,0.80000000,4.00000
AMD,2024-02-02,192.5000,call,buy,2024-01-24T20:18:50.544961Z,debit,1.00000,limit,,short_call_spread,1.93000000,1.00000
AMD,2024-02-02,207.5000,call,sell,2024-01-24T20:18:50.544961Z,debit,1.00000,limit,,short_call_spread,1.93000000,1.00000
AMD,2024-01-26,185.0000,call,buy,2024-01-24T20:14:53.082506Z,debit,4.00000,limit,long_call,,0.89000000,4.00000
AMD,2024-02-02,192.5000,call,buy,2024-01-24T20:10:36.474136Z,debit,2.00000,limit,,short_call_spread,2.07000000,2.00000
AMD,2024-02-02,207.5000,call,sell,2024-01-24T20:10:36.474136Z,debit,2.00000,limit,,short_call_spread,2.07000000,2.00000
AMD,2024-01-26,185.0000,call,buy,2024-01-24T20:09:07.191227Z,debit,6.00000,limit,long_call,,1.04000000,6.00000
AMD,2024-02-02,207.5000,call,buy,2024-01-24T19:15:53.335642Z,credit,5.00000,limit,short_call_spread,,1.89000000,5.00000
AMD,2024-02-02,192.5000,call,sell,2024-01-24T19:15:53.335642Z,credit,5.00000,limit,short_call_spread,,1.89000000,5.00000
AMD,2024-01-26,185.0000,put,sell,2024-01-24T18:46:48.646859Z,credit,1.00000,limit,,long_put,7.50000000,1.00000
AMD,2024-01-26,185.0000,put,buy,2024-01-24T18:41:56.804644Z,debit,1.00000,limit,long_put,,7.10000000,1.00000
AMD,2024-02-16,140.0000,put,sell,2024-01-24T18:39:35.474002Z,debit,2.00000,limit,,short_put_spread,1.24000000,2.00000
AMD,2024-02-16,155.0000,put,buy,2024-01-24T18:39:35.474002Z,debit,2.00000,limit,,short_put_spread,1.24000000,2.00000
AMD,2024-02-16,155.0000,put,buy,2024-01-24T18:30:17.476750Z,debit,1.00000,limit,,short_put_spread,1.19000000,1.00000
AMD,2024-02-16,140.0000,put,sell,2024-01-24T18:30:17.476750Z,debit,1.00000,limit,,short_put_spread,1.19000000,1.00000
AMD,2024-02-16,155.0000,put,sell,2024-01-24T17:59:17.738957Z,credit,3.00000,limit,short_put_spread,,1.16000000,3.00000
AMD,2024-02-16,140.0000,put,buy,2024-01-24T17:59:17.738957Z,credit,3.00000,limit,short_put_spread,,1.16000000,3.00000
AMD,2024-02-09,160.0000,call,sell,2024-01-24T16:33:10.609616Z,credit,1.00000,limit,,long_call,20.95000000,1.00000
AMD,2024-02-09,160.0000,call,buy,2024-01-24T16:30:49.330148Z,debit,1.00000,limit,long_call,,20.70000000,1.00000
AAPL,2024-01-26,190.0000,call,sell,2024-01-23T14:37:21.768469Z,credit,1.00000,limit,,long_call,5.55000000,1.00000
AAPL,2024-01-26,190.0000,call,sell,2024-01-23T14:35:55.782391Z,credit,3.00000,limit,,long_call,5.50000000,3.00000
AAPL,2024-01-26,190.0000,call,buy,2024-01-23T14:32:47.462454Z,debit,4.00000,limit,long_call,,5.40000000,4.00000
NVDA,2024-01-26,600.0000,put,sell,2024-01-22T15:30:44.077854Z,credit,1.00000,limit,,long_put,14.65000000,1.00000
NVDA,2024-01-26,600.0000,put,buy,2024-01-22T15:29:00.211145Z,debit,1.00000,limit,long_put,,14.55000000,1.00000
AMD,2024-02-09,195.0000,call,sell,2024-01-22T15:27:40.391220Z,debit,5.00000,limit,,short_call_spread,1.38000000,5.00000
AMD,2024-02-09,185.0000,call,buy,2024-01-22T15:27:40.391220Z,debit,5.00000,limit,,short_call_spread,1.38000000,5.00000
NVDA,2024-02-02,530.0000,put,sell,2024-01-22T15:27:00.367978Z,debit,8.00000,limit,,short_put_spread,1.42000000,8.00000
NVDA,2024-02-02,547.5000,put,buy,2024-01-22T15:27:00.367978Z,debit,8.00000,limit,,short_put_spread,1.42000000,8.00000
AMD,2024-02-09,195.0000,call,buy,2024-01-22T15:02:39.436780Z,credit,5.00000,limit,short_call_spread,,1.61000000,5.00000
AMD,2024-02-09,185.0000,call,sell,2024-01-22T15:02:39.436780Z,credit,5.00000,limit,short_call_spread,,1.61000000,5.00000
NVDA,2024-01-26,580.0000,call,sell,2024-01-22T14:31:00.026377Z,credit,1.00000,limit,,long_call,23.00000000,1.00000
NVDA,2024-01-26,580.0000,call,buy,2024-01-19T20:59:11.914167Z,debit,1.00000,limit,long_call,,20.30000000,1.00000
NVDA,2024-01-26,580.0000,call,sell,2024-01-19T20:55:52.420925Z,credit,1.00000,limit,,long_call,20.20000000,1.00000
NVDA,2024-01-26,580.0000,call,buy,2024-01-19T20:52:51.208149Z,debit,1.00000,limit,long_call,,19.00000000,1.00000
NVDA,2024-01-26,580.0000,call,sell,2024-01-19T20:46:22.619764Z,credit,5.00000,limit,,long_call,19.25000000,5.00000
NVDA,2024-01-26,580.0000,call,buy,2024-01-19T20:42:56.190610Z,debit,5.00000,limit,long_call,,18.90000000,5.00000
NVDA,2024-01-26,580.0000,call,sell,2024-01-19T20:23:46.615714Z,credit,1.00000,limit,,long_call,17.60000000,1.00000
NVDA,2024-01-26,580.0000,call,sell,2024-01-19T20:23:08.327077Z,credit,2.00000,limit,,long_call,17.45000000,2.00000
NVDA,2024-01-26,580.0000,call,buy,2024-01-19T20:17:14.720444Z,debit,3.00000,limit,long_call,,17.40000000,3.00000
NVDA,2024-02-02,530.0000,put,buy,2024-01-19T20:13:25.377053Z,credit,8.00000,limit,short_put_spread,,1.64000000,8.00000
NVDA,2024-02-02,547.5000,put,sell,2024-01-19T20:13:25.377053Z,credit,8.00000,limit,short_put_spread,,1.64000000,8.00000
NVDA,2024-01-26,580.0000,call,sell,2024-01-19T20:10:22.949542Z,credit,1.00000,limit,,long_call,18.20000000,1.00000
NVDA,2024-01-26,580.0000,call,sell,2024-01-19T20:09:35.193342Z,credit,1.00000,limit,,long_call,18.35000000,1.00000
NVDA,2024-01-26,580.0000,call,sell,2024-01-19T20:08:25.877518Z,credit,1.00000,limit,,long_call,18.20000000,1.00000
NVDA,2024-01-26,580.0000,call,sell,2024-01-19T20:07:37.407184Z,credit,1.00000,limit,,long_call,18.00000000,1.00000
NVDA,2024-01-26,595.0000,call,sell,2024-01-19T20:04:57.522302Z,credit,2.00000,limit,,long_call,9.75000000,2.00000
NVDA,2024-01-26,580.0000,call,buy,2024-01-19T20:01:06.920077Z,debit,4.00000,limit,long_call,,17.30000000,4.00000
NVDA,2024-01-26,595.0000,call,buy,2024-01-19T19:55:57.759623Z,debit,1.00000,limit,long_call,,9.30000000,1.00000
NVDA,2024-01-26,590.0000,call,buy,2024-01-19T19:50:28.146734Z,debit,1.00000,limit,,short_call,11.35000000,1.00000
NVDA,2024-01-26,595.0000,call,sell,2024-01-19T19:33:40.559981Z,credit,1.00000,limit,,long_call,9.10000000,1.00000
NVDA,2024-01-26,590.0000,call,buy,2024-01-19T19:30:18.182989Z,debit,1.00000,limit,,short_call,11.05000000,1.00000
NVDA,2024-01-26,595.0000,call,sell,2024-01-19T19:17:48.919935Z,credit,1.00000,limit,,long_call,9.30000000,1.00000
NVDA,2024-01-26,590.0000,call,buy,2024-01-19T19:15:13.845095Z,debit,1.00000,limit,,short_call,11.95000000,1.00000
NVDA,2024-01-26,590.0000,call,sell,2024-01-19T18:52:36.912622Z,credit,3.00000,limit,short_call,,10.90000000,3.00000
NVDA,2024-01-26,595.0000,call,sell,2024-01-19T18:45:26.101153Z,credit,2.00000,limit,,long_call,9.35000000,2.00000
NVDA,2024-01-26,595.0000,call,buy,2024-01-19T18:35:39.456046Z,debit,5.00000,limit,long_call,,10.00000000,5.00000
NVDA,2024-01-26,585.0000,call,sell,2024-01-19T18:34:45.580907Z,credit,1.00000,limit,,long_call,14.70000000,1.00000
NVDA,2024-01-26,585.0000,call,buy,2024-01-19T18:33:06.734887Z,debit,1.00000,limit,long_call,,14.50000000,1.00000
INTC,2024-01-26,47.0000,call,sell,2024-01-19T18:31:50.172244Z,credit,1.00000,limit,,long_call,2.61000000,1.00000
NVDA,2024-01-26,580.0000,call,sell,2024-01-19T18:31:28.262652Z,credit,1.00000,limit,,long_call,17.40000000,1.00000
NVDA,2024-01-26,580.0000,call,sell,2024-01-19T18:30:29.251534Z,credit,2.00000,limit,,long_call,17.00000000,2.00000
NVDA,2024-01-26,580.0000,call,sell,2024-01-19T18:29:50.039881Z,credit,3.00000,limit,,long_call,17.25000000,3.00000
NVDA,2024-01-26,580.0000,call,buy,2024-01-19T18:24:28.404651Z,debit,6.00000,limit,long_call,,16.90000000,6.00000
INTC,2024-01-26,47.0000,call,sell,2024-01-19T18:19:34.987833Z,credit,1.00000,limit,,long_call,2.53000000,1.00000
INTC,2024-01-26,47.0000,call,sell,2024-01-19T18:17:08.244350Z,credit,4.00000,limit,,long_call,2.54000000,4.00000
INTC,2024-01-26,47.0000,call,buy,2024-01-19T18:00:47.489855Z,debit,6.00000,limit,long_call,,2.50000000,6.00000
AAPL,2024-01-26,185.0000,call,sell,2024-01-19T17:44:13.087285Z,credit,1.00000,limit,,long_call,6.00000000,1.00000
AAPL,2024-01-26,185.0000,call,sell,2024-01-19T17:39:08.711616Z,credit,1.00000,limit,,long_call,6.10000000,1.00000
AAPL,2024-01-26,185.0000,call,sell,2024-01-19T17:36:21.984254Z,credit,2.00000,limit,,long_call,6.05000000,2.00000
AAPL,2024-01-26,185.0000,call,buy,2024-01-19T17:33:24.179743Z,debit,4.00000,limit,long_call,,5.95000000,4.00000
NVDA,2024-02-02,640.0000,call,sell,2024-01-19T17:30:35.135181Z,credit,2.00000,limit,,long_call,3.40000000,2.00000
NVDA,2024-02-02,640.0000,call,sell,2024-01-19T17:11:53.569062Z,credit,6.00000,limit,,long_call,2.80000000,6.00000
NVDA,2024-02-02,620.0000,call,buy,2024-01-19T17:05:02.042750Z,debit,3.00000,limit,,short_call,6.15000000,3.00000
NVDA,2024-01-26,585.0000,call,buy,2024-01-19T17:03:31.491658Z,debit,2.00000,limit,,short_call,12.45000000,2.00000
NVDA,2024-01-26,585.0000,call,sell,2024-01-19T16:57:04.101628Z,credit,2.00000,limit,short_call,,10.90000000,2.00000
NVDA,2024-02-02,620.0000,call,buy,2024-01-19T16:56:01.372695Z,debit,5.00000,limit,,short_call,5.30000000,5.00000
AMD,2024-01-19,170.0000,put,sell,2024-01-18T14:57:29.874515Z,credit,2.00000,limit,,long_put,4.95000000,2.00000
AMD,2024-01-19,170.0000,put,buy,2024-01-18T14:55:36.649362Z,debit,2.00000,limit,long_put,,4.80000000,2.00000
AMD,2024-01-26,162.5000,call,sell,2024-01-18T14:47:00.754368Z,credit,2.00000,limit,,long_call,8.10000000,2.00000
AMD,2024-02-02,190.0000,call,sell,2024-01-18T14:45:20.851810Z,credit,2.00000,limit,,long_call,2.12000000,2.00000
AMD,2024-02-02,190.0000,call,sell,2024-01-18T14:44:00.803428Z,credit,2.00000,limit,,long_call,2.16000000,2.00000
AMD,2024-01-26,162.5000,call,sell,2024-01-18T14:43:17.055009Z,credit,4.00000,limit,,long_call,8.10000000,4.00000
AMD,2024-02-02,190.0000,call,sell,2024-01-18T14:41:08.050836Z,debit,3.00000,limit,,short_call_spread,3.25000000,3.00000
AMD,2024-02-02,175.0000,call,buy,2024-01-18T14:41:08.050836Z,debit,3.00000,limit,,short_call_spread,3.25000000,3.00000
AMD,2024-01-26,162.5000,call,buy,2024-01-18T14:40:40.755271Z,debit,4.00000,limit,long_call,,7.45000000,4.00000
AMD,2024-01-26,162.5000,call,buy,2024-01-18T14:38:08.333594Z,debit,2.00000,limit,long_call,,6.70000000,2.00000
AMD,2024-02-02,175.0000,call,buy,2024-01-18T14:36:01.081151Z,debit,4.00000,limit,,short_call,4.50000000,4.00000
AMD,2024-02-02,190.0000,call,buy,2024-01-16T16:31:32.479537Z,credit,7.00000,limit,short_call_spread,,1.61000000,7.00000
AMD,2024-02-02,175.0000,call,sell,2024-01-16T16:31:32.479537Z,credit,7.00000,limit,short_call_spread,,1.61000000,7.00000
NVDA,2024-02-02,640.0000,call,buy,2024-01-16T16:01:33.735614Z,credit,4.00000,limit,short_call_spread,,1.53000000,4.00000
NVDA,2024-02-02,620.0000,call,sell,2024-01-16T16:01:33.735614Z,credit,4.00000,limit,short_call_spread,,1.53000000,4.00000
AMD,2024-01-19,155.0000,call,sell,2024-01-16T15:59:52.147575Z,credit,2.00000,limit,,long_call,5.60000000,2.00000
AMD,2024-01-19,155.0000,call,sell,2024-01-16T15:58:25.138571Z,credit,2.00000,limit,,long_call,5.55000000,2.00000
AMD,2024-01-19,155.0000,call,sell,2024-01-16T15:56:40.537905Z,credit,6.00000,limit,,long_call,5.55000000,6.00000
AMD,2024-01-19,155.0000,call,sell,2024-01-16T15:55:48.807452Z,credit,6.00000,limit,,long_call,5.40000000,6.00000
AMD,2024-01-19,155.0000,call,buy,2024-01-16T15:52:26.335767Z,debit,16.00000,limit,long_call,,5.50000000,16.00000
NVDA,2024-01-26,542.5000,put,buy,2024-01-16T15:40:00.018366Z,debit,6.00000,limit,,short_put_spread,2.82000000,6.00000
NVDA,2024-01-26,527.5000,put,sell,2024-01-16T15:40:00.018366Z,debit,6.00000,limit,,short_put_spread,2.82000000,6.00000
NVDA,2024-02-02,640.0000,call,buy,2024-01-16T15:39:10.587288Z,credit,4.00000,limit,short_call_spread,,1.25000000,4.00000
NVDA,2024-02-02,620.0000,call,sell,2024-01-16T15:39:10.587288Z,credit,4.00000,limit,short_call_spread,,1.25000000,4.00000
AMD,2024-01-19,157.5000,call,sell,2024-01-16T15:35:42.970362Z,credit,1.00000,limit,,long_call,2.97000000,1.00000
AMD,2024-01-19,157.5000,call,sell,2024-01-16T15:34:23.943744Z,credit,2.00000,limit,,long_call,2.92000000,2.00000
AMD,2024-01-19,157.5000,call,buy,2024-01-16T15:32:21.164047Z,debit,3.00000,limit,long_call,,2.88000000,3.00000
TSLA,2024-02-02,200.0000,call,sell,2024-01-16T15:28:58.137963Z,credit,1.00000,limit,,long_call,26.65000000,1.00000
TSLA,2024-02-02,200.0000,call,sell,2024-01-16T15:17:45.191409Z,credit,1.00000,limit,,long_call,26.05000000,1.00000
AMD,2024-01-26,149.0000,call,sell,2024-01-16T15:17:04.335616Z,credit,5.00000,limit,,long_call,8.95000000,5.00000
TSLA,2024-02-02,200.0000,call,buy,2024-01-16T15:11:44.729048Z,debit,2.00000,limit,long_call,,25.65000000,2.00000
AMD,2024-01-26,149.0000,call,buy,2024-01-16T15:10:12.200158Z,debit,5.00000,limit,long_call,,7.95000000,5.00000
NVDA,2024-01-26,542.5000,put,sell,2024-01-16T14:56:59.841108Z,credit,6.00000,limit,short_put_spread,,3.60000000,6.00000
NVDA,2024-01-26,527.5000,put,buy,2024-01-16T14:56:59.841108Z,credit,6.00000,limit,short_put_spread,,3.60000000,6.00000
NVDA,2024-01-26,545.0000,call,sell,2024-01-16T14:53:38.508749Z,credit,1.00000,limit,,long_call,20.60000000,1.00000
NVDA,2024-01-19,545.0000,call,sell,2024-01-16T14:49:05.683141Z,credit,1.00000,limit,,long_call,16.35000000,1.00000
NVDA,2024-01-26,545.0000,call,sell,2024-01-16T14:47:24.022081Z,credit,1.00000,limit,,long_call,20.30000000,1.00000
NVDA,2024-01-19,545.0000,call,sell,2024-01-16T14:43:48.033309Z,credit,1.00000,limit,,long_call,15.15000000,1.00000
NVDA,2024-01-19,545.0000,call,buy,2024-01-16T14:36:42.874594Z,debit,2.00000,limit,long_call,,16.65000000,2.00000
NVDA,2024-01-26,545.0000,call,buy,2024-01-16T14:36:08.868423Z,debit,2.00000,limit,long_call,,21.10000000,2.00000
TSLA,2024-02-16,210.0000,put,buy,2024-01-16T14:33:28.121130Z,debit,2.00000,limit,,short_put_spread,5.40000000,2.00000
TSLA,2024-02-16,195.0000,put,sell,2024-01-16T14:33:28.121130Z,debit,2.00000,limit,,short_put_spread,5.40000000,2.00000
TSLA,2024-02-16,195.0000,put,sell,2024-01-16T14:32:59.848460Z,credit,3.00000,limit,,long_put,5.35000000,3.00000
TSLA,2024-02-16,210.0000,put,buy,2024-01-12T17:46:55.604175Z,debit,3.00000,limit,,short_put,8.50000000,3.00000
NVDA,2024-01-19,467.5000,put,sell,2024-01-10T13:51:31.130197Z,debit,3.00000,limit,,short_put_spread,0.29000000,3.00000
NVDA,2024-01-19,482.5000,put,buy,2024-01-10T13:51:31.130197Z,debit,3.00000,limit,,short_put_spread,0.29000000,3.00000
NVDA,2024-01-19,500.0000,call,sell,2024-01-08T15:44:57.319206Z,credit,1.00000,limit,,long_call,20.10000000,1.00000
NVDA,2024-01-19,467.5000,put,buy,2024-01-08T14:51:47.776452Z,credit,3.00000,limit,short_put_spread,,1.67000000,3.00000
NVDA,2024-01-19,482.5000,put,sell,2024-01-08T14:51:47.776452Z,credit,3.00000,limit,short_put_spread,,1.67000000,3.00000
NVDA,2024-01-19,500.0000,call,buy,2024-01-08T14:49:51.060013Z,debit,1.00000,limit,long_call,,18.65000000,1.00000
ADBE,2024-01-12,585.0000,put,sell,2024-01-08T14:44:27.952961Z,credit,2.00000,limit,,long_put,17.35000000,2.00000
NVDA,2024-02-16,425.0000,put,buy,2024-01-06T12:16:57.561721Z,debit,6.00000,limit,,short_put_spread,0.82000000,6.00000
NVDA,2024-02-16,410.0000,put,sell,2024-01-06T12:16:57.561721Z,debit,6.00000,limit,,short_put_spread,0.82000000,6.00000
TSLA,2024-01-19,257.5000,put,sell,2024-01-06T12:16:35.425189Z,credit,2.00000,limit,,long_put,22.75000000,2.00000
ADBE,2024-01-12,585.0000,put,buy,2024-01-03T15:25:58.691264Z,debit,2.00000,limit,long_put,,16.40000000,2.00000
TSLA,2024-01-19,257.5000,put,buy,2024-01-03T15:22:50.925698Z,debit,2.00000,limit,long_put,,22.60000000,2.00000
TSLA,2024-01-05,270.0000,put,sell,2023-12-28T14:55:53.106450Z,credit,2.00000,limit,,long_put,12.90000000,2.00000
TSLA,2024-01-05,270.0000,put,buy,2023-12-28T14:54:32.467258Z,debit,2.00000,limit,long_put,,12.50000000,2.00000
TSLA,2023-12-29,270.0000,put,sell,2023-12-28T14:48:30.204801Z,credit,1.00000,limit,,long_put,7.30000000,1.00000
TSLA,2023-12-29,270.0000,put,sell,2023-12-28T14:47:05.457741Z,credit,1.00000,limit,,long_put,6.60000000,1.00000
TSLA,2023-12-29,270.0000,put,buy,2023-12-28T14:38:27.183212Z,debit,2.00000,limit,long_put,,7.60000000,2.00000
TSLA,2024-01-05,250.0000,call,sell,2023-12-28T14:37:10.599326Z,credit,1.00000,limit,,long_call,16.00000000,1.00000
TSLA,2024-01-05,250.0000,call,buy,2023-12-28T14:34:27.549795Z,debit,1.00000,limit,long_call,,16.70000000,1.00000
NVDA,2024-02-16,410.0000,put,buy,2023-12-27T15:48:50.089148Z,credit,6.00000,limit,short_put_spread,,1.60000000,6.00000
NVDA,2024-02-16,425.0000,put,sell,2023-12-27T15:48:50.089148Z,credit,6.00000,limit,short_put_spread,,1.60000000,6.00000
TSLA,2024-01-05,260.0000,call,sell,2023-12-27T15:10:22.495021Z,credit,1.00000,limit,,long_call,9.55000000,1.00000
TSLA,2024-01-05,260.0000,call,sell,2023-12-27T15:08:12.738975Z,credit,1.00000,limit,,long_call,9.60000000,1.00000
TSLA,2024-01-05,260.0000,call,sell,2023-12-27T15:07:08.920244Z,credit,1.00000,limit,,long_call,9.60000000,1.00000
TSLA,2024-01-05,260.0000,call,buy,2023-12-27T15:00:11.382865Z,debit,3.00000,limit,long_call,,9.45000000,3.00000
META,2024-01-05,350.0000,call,sell,2023-12-27T14:57:11.408574Z,credit,1.00000,limit,,long_call,11.05000000,1.00000
META,2024-01-05,350.0000,call,buy,2023-12-27T14:37:10.287889Z,debit,1.00000,limit,long_call,,11.75000000,1.00000
ROKU,2023-12-29,90.0000,call,sell,2023-12-27T14:35:58.045950Z,credit,2.00000,limit,,long_call,5.40000000,2.00000
INTC,2024-02-16,40.0000,call,sell,2023-12-27T14:34:23.918237Z,credit,1.00000,limit,,long_call,11.20000000,1.00000
ROKU,2023-12-29,90.0000,call,buy,2023-12-26T19:14:26.583212Z,debit,2.00000,limit,long_call,,5.60000000,2.00000
TSLA,2024-02-16,195.0000,put,buy,2023-12-26T19:12:46.724799Z,credit,5.00000,limit,short_put_spread,,1.54000000,5.00000
TSLA,2024-02-16,210.0000,put,sell,2023-12-26T19:12:46.724799Z,credit,5.00000,limit,short_put_spread,,1.54000000,5.00000
INTC,2024-02-16,40.0000,call,buy,2023-12-26T19:10:31.857610Z,debit,1.00000,limit,long_call,,10.80000000,1.00000
ADBE,2024-01-05,625.0000,call,buy,2023-12-26T19:08:50.423158Z,debit,7.00000,limit,,short_call_spread,1.70000000,7.00000
ADBE,2024-01-05,655.0000,call,sell,2023-12-26T19:08:50.423158Z,debit,7.00000,limit,,short_call_spread,1.70000000,7.00000
ADBE,2024-01-05,625.0000,call,sell,2023-12-21T20:57:36.302150Z,credit,7.00000,limit,short_call_spread,,2.99000000,7.00000
ADBE,2024-01-05,655.0000,call,buy,2023-12-21T20:57:36.302150Z,credit,7.00000,limit,short_call_spread,,2.99000000,7.00000
NVDA,2023-12-29,487.5000,put,sell,2023-12-21T20:18:57.548777Z,credit,1.00000,limit,,long_put,8.55000000,1.00000
NVDA,2023-12-29,487.5000,put,sell,2023-12-21T15:01:18.900800Z,credit,1.00000,limit,,long_put,9.05000000,1.00000
NVDA,2023-12-29,455.0000,put,sell,2023-12-21T14:58:21.349378Z,credit,6.00000,limit,,long_put,1.12000000,6.00000
NVDA,2023-12-22,492.5000,put,sell,2023-12-21T14:54:39.069750Z,credit,1.00000,limit,,long_put,7.10000000,1.00000
TSLA,2023-12-29,222.5000,put,buy,2023-12-21T14:50:50.292719Z,debit,11.00000,limit,,short_put_spread,0.10000000,11.00000
TSLA,2023-12-29,217.5000,put,sell,2023-12-21T14:50:50.292719Z,debit,11.00000,limit,,short_put_spread,0.10000000,11.00000
NVDA,2023-12-22,492.5000,put,buy,2023-12-21T14:47:47.437637Z,debit,1.00000,limit,long_put,,8.20000000,1.00000
NVDA,2023-12-29,455.0000,put,sell,2023-12-21T14:43:14.135974Z,debit,6.00000,limit,,short_put_spread,2.10000000,6.00000
NVDA,2023-12-29,470.0000,put,buy,2023-12-21T14:43:14.135974Z,debit,6.00000,limit,,short_put_spread,2.10000000,6.00000
NVDA,2023-12-29,487.5000,put,buy,2023-12-21T14:41:23.328798Z,debit,2.00000,limit,long_put,,9.15000000,2.00000
NVDA,2023-12-29,470.0000,put,buy,2023-12-21T14:35:10.724509Z,debit,6.00000,limit,,short_put,2.74000000,6.00000
NVDA,2023-12-29,470.0000,put,sell,2023-12-18T17:40:49.187885Z,credit,12.00000,limit,short_put_spread,,1.29000000,12.00000
NVDA,2023-12-29,455.0000,put,buy,2023-12-18T17:40:49.187885Z,credit,12.00000,limit,short_put_spread,,1.29000000,12.00000
TSLA,2024-01-05,295.0000,call,sell,2023-12-18T15:23:04.429905Z,credit,2.00000,limit,,long_call,1.73000000,2.00000
TSLA,2024-01-05,295.0000,call,sell,2023-12-18T15:20:24.901892Z,credit,9.00000,limit,,long_call,1.77000000,9.00000
TSLA,2024-01-05,280.0000,call,buy,2023-12-18T15:17:11.845077Z,debit,2.00000,limit,,short_call,3.75000000,2.00000
TSLA,2024-01-05,280.0000,call,buy,2023-12-18T15:15:50.172160Z,debit,5.00000,limit,,short_call,3.75000000,5.00000
TSLA,2024-01-05,280.0000,call,buy,2023-12-15T21:00:29.456880Z,debit,4.00000,limit,,short_call,3.05000000,4.00000
TSLA,2024-01-05,295.0000,call,buy,2023-12-15T19:02:44.230817Z,credit,11.00000,limit,short_call_spread,,1.45000000,11.00000
TSLA,2024-01-05,280.0000,call,sell,2023-12-15T19:02:44.230817Z,credit,11.00000,limit,short_call_spread,,1.45000000,11.00000
TSLA,2023-12-29,230.0000,call,sell,2023-12-15T19:01:23.259014Z,credit,1.00000,limit,,long_call,23.10000000,1.00000
TSLA,2023-12-29,230.0000,call,buy,2023-12-15T17:41:46.665806Z,debit,1.00000,limit,long_call,,24.50000000,1.00000
META,2023-12-29,325.0000,call,sell,2023-12-14T14:55:55.807831Z,credit,1.00000,limit,,long_call,11.35000000,1.00000
TSLA,2023-12-29,222.5000,put,sell,2023-12-14T14:51:46.849817Z,credit,11.00000,limit,short_put_spread,,0.45000000,11.00000
TSLA,2023-12-29,217.5000,put,buy,2023-12-14T14:51:46.849817Z,credit,11.00000,limit,short_put_spread,,0.45000000,11.00000
META,2023-12-29,325.0000,call,buy,2023-12-14T14:49:14.365057Z,debit,1.00000,limit,long_call,,12.70000000,1.00000
NFLX,2023-12-15,525.0000,call,buy,2023-11-28T19:51:03.651422Z,credit,5.00000,limit,short_call_spread,,0.49000000,5.00000
NFLX,2023-12-15,515.0000,call,sell,2023-11-28T19:51:03.651422Z,credit,5.00000,limit,short_call_spread,,0.49000000,5.00000
TSLA,2023-10-06,230.0000,call,sell,2023-09-18T14:10:14.730604Z,credit,1.00000,limit,,long_call,40.00000000,1.00000
NVDA,2023-09-22,420.0000,call,sell,2023-09-14T18:18:26.006172Z,credit,1.00000,limit,,long_call,33.70000000,1.00000
NVDA,2023-09-22,420.0000,call,sell,2023-09-14T18:13:19.323402Z,credit,1.00000,limit,,long_call,33.60000000,1.00000
NVDA,2023-09-22,420.0000,call,buy,2023-09-13T19:39:56.483152Z,debit,2.00000,limit,long_call,,37.05000000,2.00000
TSLA,2023-09-15,280.0000,call,buy,2023-09-13T19:36:46.697636Z,debit,1.00000,limit,,short_call,1.12000000,1.00000
TSLA,2023-09-15,280.0000,call,sell,2023-09-13T16:44:40.457633Z,credit,1.00000,limit,short_call,,1.37000000,1.00000
TSLA,2023-09-15,270.0000,call,buy,2023-09-13T16:42:54.956740Z,debit,1.00000,limit,,short_call,4.90000000,1.00000
AMZN,2023-09-15,140.0000,call,sell,2023-09-13T16:40:17.763431Z,credit,3.00000,limit,,long_call,4.30000000,3.00000
TSLA,2023-09-15,275.0000,put,sell,2023-09-13T16:35:49.468849Z,credit,1.00000,limit,,long_put,6.20000000,1.00000
AMZN,2023-09-15,140.0000,call,buy,2023-09-13T14:46:30.121408Z,debit,3.00000,limit,long_call,,3.85000000,3.00000
TSLA,2023-09-15,275.0000,put,buy,2023-09-13T14:15:54.109768Z,debit,1.00000,limit,long_put,,8.55000000,1.00000
TSLA,2023-09-15,270.0000,call,sell,2023-09-13T14:15:18.273761Z,credit,1.00000,limit,short_call,,3.95000000,1.00000
TSLA,2023-09-22,250.0000,call,sell,2023-09-13T13:49:38.139426Z,credit,1.00000,limit,,long_call,24.80000000,1.00000
TSLA,2023-10-06,230.0000,call,buy,2023-09-12T14:05:13.375114Z,debit,1.00000,limit,long_call,,50.00000000,1.00000
AMZN,2023-09-15,140.0000,call,sell,2023-09-12T13:56:24.000968Z,credit,1.00000,limit,,long_call,2.90000000,1.00000
TSLA,2023-09-22,250.0000,call,buy,2023-09-12T13:54:10.159808Z,debit,1.00000,limit,long_call,,27.65000000,1.00000
AMZN,2023-09-15,140.0000,call,sell,2023-09-11T19:59:14.899838Z,credit,1.00000,limit,,long_call,3.80000000,1.00000
AMZN,2023-09-15,140.0000,call,sell,2023-09-11T19:57:37.909506Z,credit,1.00000,limit,,long_call,3.70000000,1.00000
AMZN,2023-09-15,140.0000,call,buy,2023-09-11T19:38:39.328093Z,debit,3.00000,limit,long_call,,4.20000000,3.00000
TSLA,2023-09-22,267.5000,call,sell,2023-09-11T19:15:02.782621Z,credit,1.00000,limit,,long_call,13.20000000,1.00000
TSLA,2023-09-22,267.5000,call,buy,2023-09-11T18:27:38.920443Z,debit,1.00000,limit,long_call,,12.90000000,1.00000
AMZN,2023-09-15,142.0000,call,sell,2023-09-11T18:06:10.720702Z,credit,2.00000,limit,,long_call,1.79000000,2.00000
AMZN,2023-09-15,142.0000,call,sell,2023-09-11T18:00:11.742258Z,credit,4.00000,limit,,long_call,1.83000000,4.00000
AMZN,2023-09-15,142.0000,call,buy,2023-09-11T16:30:30.914033Z,debit,6.00000,limit,long_call,,1.56000000,6.00000
AMZN,2023-09-22,135.0000,call,sell,2023-09-11T15:12:37.824910Z,credit,1.00000,limit,,long_call,7.00000000,1.00000
AMZN,2023-09-22,135.0000,call,sell,2023-09-11T14:15:52.572558Z,credit,1.00000,limit,,long_call,6.35000000,1.00000
AAPL,2023-09-22,160.0000,call,sell,2023-09-11T14:15:31.437108Z,credit,1.00000,limit,,long_call,18.25000000,1.00000
AMZN,2023-09-22,135.0000,call,buy,2023-09-11T14:04:07.151518Z,debit,2.00000,limit,long_call,,6.70000000,2.00000
AAPL,2023-09-22,160.0000,call,sell,2023-09-11T14:00:57.387200Z,credit,1.00000,limit,,long_call,18.60000000,1.00000
INTC,2023-09-22,36.0000,call,sell,2023-09-08T13:48:16.761414Z,credit,5.00000,limit,,long_call,2.70000000,5.00000
AAPL,2023-09-22,160.0000,call,buy,2023-09-08T13:46:31.875113Z,debit,2.00000,limit,long_call,,20.65000000,2.00000
INTC,2023-09-22,36.0000,call,buy,2023-09-07T19:35:19.202221Z,debit,5.00000,limit,long_call,,2.58000000,5.00000
AMZN,2023-09-08,136.0000,call,buy,2023-09-06T15:23:12.117168Z,debit,13.00000,limit,custom,,0.15000000,13.00000
AMZN,2023-09-08,135.0000,call,sell,2023-09-06T15:23:12.117168Z,debit,13.00000,limit,custom,,0.15000000,13.00000
AMZN,2023-09-08,134.0000,call,buy,2023-09-06T15:23:12.117168Z,debit,13.00000,limit,custom,,0.15000000,13.00000
NVDA,2023-09-15,490.0000,put,sell,2023-09-06T15:21:38.969383Z,credit,1.00000,limit,,long_put,24.20000000,1.00000
NVDA,2023-09-15,490.0000,put,buy,2023-09-06T15:12:43.848200Z,debit,1.00000,limit,long_put,,25.50000000,1.00000
NVDA,2023-09-08,450.0000,call,sell,2023-08-29T14:51:40.163305Z,credit,1.00000,limit,,long_call,37.70000000,1.00000
NVDA,2023-09-01,487.5000,call,sell,2023-08-29T14:46:48.144124Z,credit,1.00000,limit,,long_call,6.80000000,1.00000
NVDA,2023-09-01,485.0000,call,buy,2023-08-29T14:09:24.129735Z,debit,1.00000,limit,,short_call,6.00000000,1.00000
NVDA,2023-09-01,487.5000,call,sell,2023-08-29T14:08:37.561050Z,credit,2.00000,limit,,long_call,4.75000000,2.00000
NVDA,2023-09-01,485.0000,call,buy,2023-08-29T14:05:55.013332Z,debit,2.00000,limit,,short_call,6.10000000,2.00000
NVDA,2023-09-08,450.0000,call,sell,2023-08-29T13:42:36.620577Z,credit,1.00000,limit,,long_call,25.90000000,1.00000
NVDA,2023-09-08,450.0000,call,buy,2023-08-28T17:21:15.494174Z,debit,2.00000,limit,long_call,,25.45000000,2.00000
NVDA,2023-09-01,470.0000,put,sell,2023-08-28T16:10:31.522323Z,credit,1.00000,limit,,long_put,16.55000000,1.00000
NVDA,2023-09-08,477.5000,put,sell,2023-08-28T13:41:06.097020Z,credit,1.00000,limit,,long_put,26.30000000,1.00000
NVDA,2023-09-01,485.0000,call,sell,2023-08-28T13:38:59.341243Z,credit,3.00000,limit,short_call,,2.47000000,3.00000
NVDA,2023-09-01,485.0000,call,sell,2023-08-28T13:37:44.181117Z,credit,3.00000,limit,,long_call,2.90000000,3.00000
AAPL,2023-09-08,165.0000,call,sell,2023-08-28T13:36:55.466236Z,credit,1.00000,limit,,long_call,15.05000000,1.00000
NVDA,2023-09-01,485.0000,call,buy,2023-08-28T13:35:29.872863Z,debit,3.00000,limit,long_call,,3.80000000,3.00000
NVDA,2023-09-01,470.0000,put,buy,2023-08-28T13:33:43.546989Z,debit,1.00000,limit,long_put,,15.20000000,1.00000
NVDA,2023-09-01,497.5000,call,buy,2023-08-28T13:32:11.963652Z,debit,3.00000,limit,,short_call,1.85000000,3.00000
NVDA,2023-09-08,477.5000,put,buy,2023-08-28T12:00:44.892922Z,debit,1.00000,limit,long_put,,22.50000000,1.00000
NVDA,2023-09-01,497.5000,call,sell,2023-08-24T17:23:40.043440Z,credit,3.00000,limit,short_call,,8.65000000,3.00000
NVDA,2023-09-01,487.5000,call,buy,2023-08-24T13:12:23.609238Z,debit,3.00000,limit,long_call,,20.55000000,3.00000
AAPL,2023-09-08,165.0000,call,buy,2023-08-23T18:19:31.476241Z,debit,1.00000,limit,long_call,,16.60000000,1.00000
NVDA,2023-09-01,450.0000,call,sell,2023-08-23T18:17:26.682549Z,credit,1.00000,limit,,long_call,37.25000000,1.00000
NVDA,2023-09-01,450.0000,call,sell,2023-08-23T16:26:25.781727Z,credit,1.00000,limit,,long_call,36.00000000,1.00000
NVDA,2023-09-01,450.0000,call,buy,2023-08-23T16:07:25.411508Z,debit,2.00000,limit,long_call,,36.40000000,2.00000
NVDA,2023-08-25,420.0000,put,sell,2023-08-22T14:39:01.971401Z,credit,7.00000,limit,,long_put,9.00000000,7.00000
NVDA,2023-08-25,430.0000,put,buy,2023-08-22T14:32:32.284816Z,debit,7.00000,limit,,short_put,13.00000000,7.00000
NVDA,2023-08-25,462.5000,call,sell,2023-08-22T13:47:01.867867Z,credit,2.00000,limit,,long_call,31.90000000,2.00000
NVDA,2023-08-25,462.5000,call,buy,2023-08-22T13:41:46.604495Z,debit,2.00000,limit,long_call,,31.00000000,2.00000
NVDA,2023-08-25,420.0000,put,buy,2023-08-22T13:37:31.321604Z,credit,3.00000,limit,short_put_spread,,2.55000000,3.00000
NVDA,2023-08-25,430.0000,put,sell,2023-08-22T13:37:31.321604Z,credit,3.00000,limit,short_put_spread,,2.55000000,3.00000
NVDA,2023-08-25,420.0000,put,buy,2023-08-21T19:35:58.765605Z,credit,4.00000,limit,short_put_spread,,2.65000000,4.00000
NVDA,2023-08-25,430.0000,put,sell,2023-08-21T19:35:58.765605Z,credit,4.00000,limit,short_put_spread,,2.65000000,4.00000
INTC,2023-08-11,35.0000,call,sell,2023-08-11T17:08:45.596868Z,credit,12.00000,limit,,long_call,0.01000000,12.00000
INTC,2023-08-11,34.0000,call,sell,2023-08-11T17:08:15.599956Z,credit,12.00000,limit,,long_call,0.40000000,12.00000
INTC,2023-08-11,34.5000,call,buy,2023-08-11T17:06:35.149387Z,debit,24.00000,limit,,short_call,0.08000000,24.00000
META,2023-08-11,312.5000,put,sell,2023-08-10T19:26:34.374487Z,credit,1.00000,limit,,long_put,6.85000000,1.00000
META,2023-08-11,312.5000,put,buy,2023-08-10T18:21:34.151880Z,debit,1.00000,limit,long_put,,7.15000000,1.00000
INTC,2023-08-11,35.0000,call,buy,2023-08-10T17:36:04.293364Z,debit,12.00000,limit,custom,,0.16000000,12.00000
INTC,2023-08-11,34.5000,call,sell,2023-08-10T17:36:04.293364Z,debit,12.00000,limit,custom,,0.16000000,12.00000
INTC,2023-08-11,34.0000,call,buy,2023-08-10T17:36:04.293364Z,debit,12.00000,limit,custom,,0.16000000,12.00000
AMZN,2023-08-18,136.0000,call,sell,2023-08-07T19:09:05.794364Z,credit,1.00000,limit,,long_call,7.45000000,1.00000
AMZN,2023-08-18,136.0000,call,sell,2023-08-04T15:19:41.122647Z,credit,2.00000,limit,,long_call,8.15000000,2.00000
AMZN,2023-08-18,136.0000,call,buy,2023-08-04T14:50:58.518391Z,debit,3.00000,limit,long_call,,8.00000000,3.00000
ABNB,2023-08-11,149.0000,call,buy,2023-08-04T13:34:45.678960Z,debit,5.00000,limit,,short_call_spread,1.80000000,5.00000
ABNB,2023-08-11,155.0000,call,sell,2023-08-04T13:34:45.678960Z,debit,5.00000,limit,,short_call_spread,1.80000000,5.00000
ABNB,2023-08-18,150.0000,put,sell,2023-08-04T13:32:02.635713Z,credit,1.00000,limit,,long_put,8.20000000,1.00000
ABNB,2023-08-18,150.0000,put,sell,2023-08-04T13:31:09.684197Z,credit,1.00000,limit,,long_put,9.00000000,1.00000
AAPL,2023-08-18,175.0000,put,sell,2023-08-04T13:30:35.394520Z,debit,1.00000,limit,,short_put_spread,1.74000000,1.00000
AAPL,2023-08-18,182.5000,put,buy,2023-08-04T13:30:35.394520Z,debit,1.00000,limit,,short_put_spread,1.74000000,1.00000
ABNB,2023-08-18,150.0000,put,buy,2023-08-03T19:47:54.414681Z,debit,2.00000,limit,long_put,,13.20000000,2.00000
AAPL,2023-08-18,175.0000,put,sell,2023-08-03T19:35:11.535659Z,debit,1.00000,limit,,short_put_spread,0.99000000,1.00000
AAPL,2023-08-18,182.5000,put,buy,2023-08-03T19:35:11.535659Z,debit,1.00000,limit,,short_put_spread,0.99000000,1.00000
AAPL,2023-08-18,175.0000,put,sell,2023-08-03T19:18:45.495513Z,debit,3.00000,limit,,short_put_spread,0.99000000,3.00000
AAPL,2023-08-18,182.5000,put,buy,2023-08-03T19:18:45.495513Z,debit,3.00000,limit,,short_put_spread,0.99000000,3.00000
ABNB,2023-08-11,149.0000,call,buy,2023-08-03T18:43:21.446760Z,debit,10.00000,limit,,short_call_spread,1.50000000,10.00000
ABNB,2023-08-11,155.0000,call,sell,2023-08-03T18:43:21.446760Z,debit,10.00000,limit,,short_call_spread,1.50000000,10.00000
AAPL,2023-08-18,177.5000,put,sell,2023-08-03T18:41:16.053048Z,debit,11.00000,limit,,short_put_spread,0.71000000,11.00000
AAPL,2023-08-18,182.5000,put,buy,2023-08-03T18:41:16.053048Z,debit,11.00000,limit,,short_put_spread,0.71000000,11.00000
ABNB,2023-08-11,160.0000,put,sell,2023-08-03T18:28:13.380546Z,credit,1.00000,limit,,long_put,21.05000000,1.00000
ABNB,2023-08-11,155.0000,call,buy,2023-08-03T15:57:25.565465Z,credit,15.00000,limit,short_call_spread,,1.53000000,15.00000
ABNB,2023-08-11,149.0000,call,sell,2023-08-03T15:57:25.565465Z,credit,15.00000,limit,short_call_spread,,1.53000000,15.00000
AAPL,2023-08-18,177.5000,put,buy,2023-08-03T15:31:39.079696Z,credit,11.00000,limit,short_put_spread,,0.70000000,11.00000
AAPL,2023-08-18,182.5000,put,sell,2023-08-03T15:31:39.079696Z,credit,11.00000,limit,short_put_spread,,0.70000000,11.00000
ABNB,2023-08-11,160.0000,put,buy,2023-08-03T13:45:36.757318Z,debit,1.00000,limit,long_put,,19.20000000,1.00000
AMZN,2023-08-04,123.0000,call,sell,2023-08-03T13:30:54.334390Z,credit,1.00000,limit,,long_call,6.50000000,1.00000
AAPL,2023-08-18,182.5000,put,sell,2023-08-02T18:05:24.830481Z,credit,5.00000,limit,short_put_spread,,0.75000000,5.00000
AAPL,2023-08-18,175.0000,put,buy,2023-08-02T18:05:24.830481Z,credit,5.00000,limit,short_put_spread,,0.75000000,5.00000
AMZN,2023-08-04,123.0000,call,buy,2023-08-02T18:02:40.466456Z,debit,1.00000,limit,long_call,,7.35000000,1.00000
MSFT,2023-08-04,335.0000,put,sell,2023-08-02T14:06:06.743745Z,credit,2.00000,limit,,long_put,5.30000000,2.00000
MSFT,2023-08-04,335.0000,put,sell,2023-08-02T14:03:48.712101Z,credit,5.00000,limit,,long_put,5.40000000,5.00000
MSFT,2023-08-04,335.0000,put,sell,2023-08-02T14:03:26.227201Z,credit,5.00000,limit,,long_put,5.40000000,5.00000
MSFT,2023-08-04,335.0000,put,buy,2023-08-02T14:02:01.631960Z,debit,12.00000,limit,long_put,,5.35000000,12.00000
AMD,2023-08-04,109.0000,put,sell,2023-08-02T13:38:59.691329Z,credit,2.00000,limit,,long_put,0.36000000,2.00000
AMD,2023-08-18,110.0000,call,sell,2023-08-02T13:34:48.732885Z,credit,1.00000,limit,,long_call,9.30000000,1.00000
AMD,2023-08-04,102.0000,call,sell,2023-08-02T13:34:19.317927Z,credit,1.00000,limit,,long_call,15.40000000,1.00000
AMD,2023-08-04,109.0000,put,buy,2023-08-01T19:39:42.648113Z,debit,2.00000,limit,long_put,,1.18000000,2.00000
AMD,2023-08-04,102.0000,call,sell,2023-08-01T19:38:55.689666Z,credit,1.00000,limit,,long_call,15.90000000,1.00000
AMD,2023-08-04,102.0000,call,buy,2023-08-01T19:33:46.204004Z,debit,2.00000,limit,long_call,,16.15000000,2.00000
AMD,2023-08-18,110.0000,call,buy,2023-08-01T18:07:20.064268Z,debit,1.00000,limit,long_call,,10.55000000,1.00000
META,2023-08-11,297.5000,put,sell,2023-08-01T13:49:28.985911Z,credit,1.00000,limit,,long_put,1.44000000,1.00000
META,2023-08-11,297.5000,put,sell,2023-08-01T13:48:31.193514Z,credit,1.00000,limit,,long_put,1.42000000,1.00000
META,2023-08-11,297.5000,put,sell,2023-08-01T13:47:08.253025Z,debit,3.00000,limit,,short_put_spread,0.90000000,3.00000
META,2023-08-11,302.5000,put,buy,2023-08-01T13:47:08.253025Z,debit,3.00000,limit,,short_put_spread,0.90000000,3.00000
AMD,2023-08-11,100.0000,call,sell,2023-08-01T13:45:55.686735Z,credit,1.00000,limit,,long_call,15.60000000,1.00000
META,2023-08-11,297.5000,put,sell,2023-08-01T13:45:34.590000Z,credit,3.00000,limit,,long_put,1.35000000,3.00000
META,2023-08-11,297.5000,put,sell,2023-07-31T19:58:26.036070Z,credit,7.00000,limit,,long_put,1.19000000,7.00000
AMD,2023-08-11,100.0000,call,sell,2023-07-31T19:44:05.292455Z,credit,1.00000,limit,,long_call,14.75000000,1.00000
META,2023-08-11,302.5000,put,buy,2023-07-31T19:42:37.894145Z,debit,12.00000,limit,,short_put,1.87000000,12.00000
META,2023-08-04,307.5000,call,sell,2023-07-31T19:18:11.687575Z,credit,1.00000,limit,,long_call,12.75000000,1.00000
AMD,2023-08-11,100.0000,call,buy,2023-07-31T11:29:54.365436Z,debit,2.00000,limit,long_call,,15.00000000,2.00000
META,2023-08-04,307.5000,call,buy,2023-07-28T15:44:47.066630Z,debit,1.00000,limit,long_call,,18.85000000,1.00000
META,2023-08-11,302.5000,put,sell,2023-07-28T15:43:16.476211Z,credit,15.00000,limit,short_put_spread,,0.52000000,15.00000
META,2023-08-11,297.5000,put,buy,2023-07-28T15:43:16.476211Z,credit,15.00000,limit,short_put_spread,,0.52000000,15.00000
META,2023-07-28,282.5000,put,buy,2023-07-27T13:47:12.254772Z,debit,5.00000,limit,,short_put_spread,0.03000000,5.00000
META,2023-07-28,277.5000,put,sell,2023-07-27T13:47:12.254772Z,debit,5.00000,limit,,short_put_spread,0.03000000,5.00000
META,2023-08-04,285.0000,call,sell,2023-07-26T18:50:03.812781Z,credit,1.00000,limit,,long_call,23.20000000,1.00000
META,2023-08-04,285.0000,call,buy,2023-07-26T18:18:48.458478Z,debit,1.00000,limit,long_call,,22.10000000,1.00000
AMZN,2023-08-04,120.0000,call,sell,2023-07-26T18:12:06.841296Z,credit,1.00000,limit,,long_call,9.85000000,1.00000
META,2023-07-28,282.5000,put,sell,2023-07-26T18:06:14.298825Z,credit,5.00000,limit,short_put_spread,,1.55000000,5.00000
META,2023-07-28,277.5000,put,buy,2023-07-26T18:06:14.298825Z,credit,5.00000,limit,short_put_spread,,1.55000000,5.00000
AMZN,2023-08-04,120.0000,call,buy,2023-07-26T13:46:39.010391Z,debit,1.00000,limit,long_call,,9.95000000,1.00000
AMZN,2023-07-28,132.0000,call,sell,2023-07-26T13:43:51.880107Z,credit,3.00000,limit,,long_call,0.53000000,3.00000
AMZN,2023-07-28,132.0000,call,sell,2023-07-26T13:35:27.570296Z,credit,6.00000,limit,,long_call,0.41000000,6.00000
AAPL,2023-07-28,195.0000,call,sell,2023-07-25T13:44:27.375472Z,credit,3.00000,limit,,long_call,1.07000000,3.00000
AMZN,2023-07-28,132.0000,call,buy,2023-07-25T13:36:41.868344Z,debit,9.00000,limit,long_call,,1.10000000,9.00000
AAPL,2023-07-28,195.0000,call,buy,2023-07-25T13:34:50.648686Z,debit,3.00000,limit,long_call,,1.14000000,3.00000
NVDA,2023-08-04,430.0000,call,sell,2023-07-21T13:44:37.532101Z,credit,1.00000,limit,,long_call,31.60000000,1.00000
NVDA,2023-08-04,430.0000,call,sell,2023-07-21T13:44:00.781538Z,credit,1.00000,limit,,long_call,31.40000000,1.00000
NVDA,2023-08-04,430.0000,call,buy,2023-07-21T12:42:09.901101Z,debit,2.00000,limit,long_call,,30.00000000,2.00000
TSLA,2023-07-21,290.0000,call,sell,2023-07-19T14:15:45.685664Z,credit,1.00000,limit,,long_call,14.20000000,1.00000
TSLA,2023-07-21,290.0000,call,sell,2023-07-19T14:11:41.310965Z,credit,1.00000,limit,,long_call,14.20000000,1.00000
TSLA,2023-07-21,290.0000,call,buy,2023-07-19T13:31:44.090279Z,debit,2.00000,limit,long_call,,14.50000000,2.00000
NVDA,2023-07-21,430.0000,call,sell,2023-07-18T13:32:10.058265Z,credit,1.00000,limit,,long_call,35.20000000,1.00000
NVDA,2023-07-21,430.0000,call,buy,2023-07-14T19:26:08.356006Z,debit,1.00000,limit,long_call,,25.05000000,1.00000
TSLA,2023-07-21,260.0000,put,buy,2023-07-14T15:29:37.419656Z,debit,4.00000,limit,,short_put_spread,1.67000000,4.00000
TSLA,2023-07-21,250.0000,put,sell,2023-07-14T15:29:37.419656Z,debit,4.00000,limit,,short_put_spread,1.67000000,4.00000
TSLA,2023-07-21,260.0000,put,sell,2023-07-14T15:13:42.058689Z,credit,4.00000,limit,short_put_spread,,1.85000000,4.00000
TSLA,2023-07-21,250.0000,put,buy,2023-07-14T15:13:42.058689Z,credit,4.00000,limit,short_put_spread,,1.85000000,4.00000
AMZN,2023-07-21,129.0000,call,sell,2023-07-14T13:30:35.912802Z,credit,1.00000,limit,,long_call,6.10000000,1.00000
NVDA,2023-07-21,445.0000,call,sell,2023-07-14T13:29:25.391253Z,credit,2.00000,limit,,long_call,26.40000000,2.00000
NVDA,2023-07-21,445.0000,call,buy,2023-07-13T19:57:38.011367Z,debit,2.00000,limit,long_call,,20.45000000,2.00000
AMZN,2023-07-21,129.0000,call,sell,2023-07-13T19:26:49.302517Z,credit,1.00000,limit,,long_call,5.95000000,1.00000
AMZN,2023-07-21,129.0000,call,buy,2023-07-13T17:56:28.451019Z,debit,2.00000,limit,long_call,,5.90000000,2.00000
TSLA,2023-07-14,290.0000,call,buy,2023-07-07T14:19:59.969677Z,debit,4.00000,limit,,short_call_spread,1.12000000,4.00000
TSLA,2023-07-14,297.5000,call,sell,2023-07-07T14:19:59.969677Z,debit,4.00000,limit,,short_call_spread,1.12000000,4.00000
TSLA,2023-07-14,297.5000,call,buy,2023-07-07T14:02:12.533287Z,credit,4.00000,limit,short_call_spread,,1.37000000,4.00000
TSLA,2023-07-14,290.0000,call,sell,2023-07-07T14:02:12.533287Z,credit,4.00000,limit,short_call_spread,,1.37000000,4.00000
TSLA,2023-07-14,240.0000,call,sell,2023-06-30T16:48:11.908967Z,credit,1.00000,limit,,long_call,37.50000000,1.00000
TSLA,2023-07-14,240.0000,call,buy,2023-06-30T16:14:46.692062Z,debit,1.00000,limit,long_call,,26.45000000,1.00000
AMD,2023-07-14,105.0000,call,sell,2023-06-30T16:13:45.896066Z,credit,1.00000,limit,,long_call,9.70000000,1.00000
AMD,2023-07-14,105.0000,call,sell,2023-06-30T15:47:21.171701Z,credit,2.00000,limit,,long_call,9.45000000,2.00000
AMD,2023-07-14,105.0000,call,buy,2023-06-30T14:55:33.743386Z,debit,3.00000,limit,long_call,,10.30000000,3.00000
TSLA,2023-07-07,282.5000,call,sell,2023-06-30T14:12:05.624773Z,credit,4.00000,limit,,long_call,3.30000000,4.00000
TSLA,2023-07-07,245.0000,call,sell,2023-06-30T14:11:29.422664Z,credit,1.00000,limit,,long_call,21.00000000,1.00000
TSLA,2023-07-07,275.0000,call,sell,2023-06-30T14:10:29.046163Z,credit,1.00000,limit,,long_call,5.00000000,1.00000
TSLA,2023-07-07,275.0000,call,buy,2023-06-30T14:05:29.258582Z,debit,1.00000,limit,long_call,,5.00000000,1.00000
TSLA,2023-07-07,245.0000,call,buy,2023-06-30T14:05:00.745668Z,debit,1.00000,limit,long_call,,20.85000000,1.00000
TSLA,2023-07-07,275.0000,call,buy,2023-06-30T14:02:04.184887Z,debit,4.00000,limit,,short_call,4.70000000,4.00000
TSLA,2023-07-07,282.5000,call,buy,2023-06-29T14:50:03.624585Z,credit,4.00000,limit,short_call_spread,,1.21000000,4.00000
TSLA,2023-07-07,275.0000,call,sell,2023-06-29T14:50:03.624585Z,credit,4.00000,limit,short_call_spread,,1.21000000,4.00000
AMZN,2023-06-30,132.0000,call,sell,2023-06-29T13:50:57.796584Z,credit,3.00000,limit,,long_call,0.22000000,3.00000
AMZN,2023-06-30,132.0000,call,buy,2023-06-28T14:41:52.142993Z,debit,3.00000,limit,long_call,,1.05000000,3.00000
AMZN,2023-06-30,130.0000,call,sell,2023-06-28T14:35:54.537326Z,credit,3.00000,limit,,long_call,1.96000000,3.00000
AMZN,2023-06-30,130.0000,call,buy,2023-06-28T14:32:32.312400Z,debit,3.00000,limit,long_call,,1.89000000,3.00000
ADBE,2023-06-23,470.0000,call,sell,2023-06-16T13:31:00.112061Z,credit,1.00000,limit,,long_call,46.80000000,1.00000
ADBE,2023-06-23,465.0000,call,sell,2023-06-16T13:30:33.724056Z,credit,1.00000,limit,,long_call,51.00000000,1.00000
ADBE,2023-06-23,470.0000,call,buy,2023-06-15T19:59:31.300005Z,debit,1.00000,limit,long_call,,32.85000000,1.00000
ADBE,2023-06-23,465.0000,call,buy,2023-06-15T19:38:00.703024Z,debit,1.00000,limit,long_call,,37.90000000,1.00000
TSLA,2023-06-16,252.5000,call,sell,2023-06-15T13:44:08.449519Z,credit,5.00000,limit,,long_call,5.20000000,5.00000
TSLA,2023-06-16,252.5000,call,buy,2023-06-15T13:43:14.180856Z,debit,5.00000,limit,long_call,,5.00000000,5.00000
TSLA,2023-06-16,250.0000,call,sell,2023-06-15T13:38:18.903935Z,credit,1.00000,limit,,long_call,5.55000000,1.00000
TSLA,2023-06-16,250.0000,call,sell,2023-06-15T13:36:43.495119Z,credit,2.00000,limit,,long_call,5.50000000,2.00000
TSLA,2023-06-16,250.0000,call,buy,2023-06-15T13:35:36.035042Z,debit,3.00000,limit,long_call,,5.60000000,3.00000
TSLA,2023-06-30,250.0000,call,sell,2023-06-15T13:34:01.536080Z,credit,1.00000,limit,,long_call,11.90000000,1.00000
META,2023-06-30,250.0000,call,sell,2023-06-15T13:31:27.596139Z,credit,1.00000,limit,,long_call,23.00000000,1.00000
TSLA,2023-06-30,250.0000,call,sell,2023-06-14T19:11:06.583335Z,credit,1.00000,limit,,long_call,16.35000000,1.00000
META,2023-06-30,250.0000,call,sell,2023-06-14T19:10:34.836480Z,credit,1.00000,limit,,long_call,24.70000000,1.00000
TSLA,2023-06-30,250.0000,call,sell,2023-06-14T19:01:25.870041Z,credit,1.00000,limit,,long_call,16.45000000,1.00000
TSLA,2023-06-30,250.0000,call,buy,2023-06-14T17:34:19.628749Z,debit,3.00000,limit,long_call,,17.25000000,3.00000
META,2023-06-30,250.0000,call,buy,2023-06-14T17:33:08.504214Z,debit,2.00000,limit,long_call,,23.20000000,2.00000
TSLA,2023-06-23,240.0000,call,sell,2023-06-13T19:34:11.765503Z,credit,1.00000,limit,,long_call,20.95000000,1.00000
TSLA,2023-06-23,240.0000,call,buy,2023-06-13T17:47:16.574199Z,debit,1.00000,limit,long_call,,22.20000000,1.00000
TSLA,2023-06-23,230.0000,call,sell,2023-06-13T13:32:18.601399Z,credit,2.00000,limit,,long_call,26.25000000,2.00000
ADBE,2023-06-23,455.0000,call,sell,2023-06-13T13:32:02.160569Z,credit,1.00000,limit,,long_call,42.00000000,1.00000
META,2023-06-23,260.0000,call,sell,2023-06-13T13:30:58.798863Z,credit,4.00000,limit,,long_call,15.55000000,4.00000
META,2023-06-23,260.0000,call,buy,2023-06-12T19:42:10.612391Z,debit,4.00000,limit,long_call,,13.25000000,4.00000
ADBE,2023-06-23,455.0000,call,sell,2023-06-12T19:39:49.529829Z,credit,2.00000,limit,,long_call,33.55000000,2.00000
ADBE,2023-06-23,455.0000,call,sell,2023-06-12T19:39:30.258438Z,credit,1.00000,limit,,long_call,34.10000000,1.00000
TSLA,2023-06-23,230.0000,call,buy,2023-06-12T19:20:17.355438Z,debit,2.00000,limit,long_call,,23.00000000,2.00000
ADBE,2023-06-23,455.0000,call,buy,2023-06-12T19:18:26.744684Z,debit,3.00000,limit,long_call,,33.00000000,3.00000
ADBE,2023-06-23,455.0000,call,buy,2023-06-12T19:16:18.921907Z,debit,1.00000,limit,long_call,,34.20000000,1.00000
ADBE,2023-06-30,430.0000,call,sell,2023-06-12T19:10:42.501789Z,credit,2.00000,limit,,long_call,53.40000000,2.00000
ADBE,2023-06-30,430.0000,call,buy,2023-06-12T18:16:42.001882Z,debit,2.00000,limit,long_call,,52.25000000,2.00000
ADBE,2023-06-30,440.0000,call,sell,2023-06-12T17:47:44.725778Z,credit,1.00000,limit,,long_call,43.95000000,1.00000
ADBE,2023-06-30,440.0000,call,buy,2023-06-12T15:06:48.779993Z,debit,1.00000,limit,long_call,,36.70000000,1.00000
ADBE,2023-06-16,420.0000,call,sell,2023-06-08T19:40:43.141264Z,credit,1.00000,limit,,long_call,26.30000000,1.00000
TSLA,2023-06-16,230.0000,call,sell,2023-06-08T19:39:25.734852Z,credit,1.00000,limit,,long_call,9.55000000,1.00000
TSLA,2023-06-16,230.0000,call,sell,2023-06-08T19:38:59.740464Z,credit,4.00000,limit,,long_call,9.55000000,4.00000
ADBE,2023-06-16,420.0000,call,sell,2023-06-08T19:37:57.873634Z,credit,1.00000,limit,,long_call,26.20000000,1.00000
AMZN,2023-06-09,124.0000,call,sell,2023-06-08T19:36:22.766711Z,credit,3.00000,limit,,long_call,0.99000000,3.00000
TSLA,2023-06-16,230.0000,call,sell,2023-06-08T19:35:29.060247Z,credit,5.00000,limit,,long_call,9.60000000,5.00000
AMZN,2023-06-09,124.0000,call,sell,2023-06-08T19:33:16.057304Z,credit,14.00000,limit,,long_call,0.91000000,14.00000
TSLA,2023-06-16,230.0000,call,sell,2023-06-08T19:30:56.981938Z,credit,1.00000,limit,,long_call,9.75000000,1.00000
AMZN,2023-06-09,124.0000,call,buy,2023-06-08T19:02:07.550877Z,debit,17.00000,limit,long_call,,0.94000000,17.00000
TSLA,2023-06-16,230.0000,call,buy,2023-06-08T18:58:13.250083Z,debit,11.00000,limit,long_call,,9.15000000,11.00000
ADBE,2023-06-16,420.0000,call,buy,2023-06-08T15:11:14.201818Z,debit,2.00000,limit,long_call,,26.50000000,2.00000
NVDA,2023-06-09,405.0000,call,sell,2023-06-07T15:51:55.949805Z,debit,9.00000,limit,,short_call_spread,1.10000000,9.00000
NVDA,2023-06-09,395.0000,call,buy,2023-06-07T15:51:55.949805Z,debit,9.00000,limit,,short_call_spread,1.10000000,9.00000
NVDA,2023-06-09,395.0000,call,sell,2023-06-07T15:22:37.606934Z,credit,9.00000,limit,short_call_spread,,1.31000000,9.00000
NVDA,2023-06-09,405.0000,call,buy,2023-06-07T15:22:37.606934Z,credit,9.00000,limit,short_call_spread,,1.31000000,9.00000
ALB,2023-06-16,195.0000,call,sell,2023-06-07T14:13:41.963243Z,credit,4.00000,limit,,long_call,24.30000000,4.00000
META,2023-06-23,260.0000,call,sell,2023-06-07T14:13:11.857304Z,credit,3.00000,limit,,long_call,15.40000000,3.00000
ALB,2023-06-16,195.0000,call,buy,2023-06-06T15:33:03.985453Z,debit,4.00000,limit,long_call,,20.00000000,4.00000
META,2023-06-23,260.0000,call,buy,2023-06-06T15:24:12.834273Z,debit,3.00000,limit,long_call,,17.50000000,3.00000
AMZN,2023-06-09,126.0000,call,sell,2023-06-05T15:08:37.190080Z,credit,1.00000,limit,,long_call,1.58000000,1.00000
AMZN,2023-06-09,126.0000,call,sell,2023-06-05T15:06:18.442447Z,credit,2.00000,limit,,long_call,1.53000000,2.00000
AMZN,2023-06-09,126.0000,call,sell,2023-06-05T15:04:29.917092Z,credit,10.00000,limit,,long_call,1.56000000,10.00000
META,2023-06-23,260.0000,call,sell,2023-06-05T15:03:22.166196Z,credit,1.00000,limit,,long_call,17.45000000,1.00000
AMZN,2023-06-09,126.0000,call,buy,2023-06-05T14:45:39.405179Z,debit,13.00000,limit,long_call,,1.55000000,13.00000
META,2023-06-23,260.0000,call,buy,2023-06-05T14:30:07.095574Z,debit,1.00000,limit,long_call,,16.90000000,1.00000
AAPL,2023-06-16,180.0000,call,sell,2023-06-05T13:45:21.670958Z,credit,4.00000,limit,,long_call,5.85000000,4.00000
AAPL,2023-06-16,180.0000,call,buy,2023-06-05T13:34:15.594028Z,debit,4.00000,limit,long_call,,5.60000000,4.00000
TSLA,2023-06-09,200.0000,call,sell,2023-06-02T14:41:28.672209Z,credit,1.00000,limit,,long_call,16.00000000,1.00000
TSLA,2023-06-09,200.0000,call,sell,2023-06-02T14:39:21.350216Z,credit,1.00000,limit,,long_call,16.00000000,1.00000
TSLA,2023-06-09,200.0000,call,sell,2023-06-02T14:38:49.473168Z,credit,1.00000,limit,,long_call,15.90000000,1.00000
TSLA,2023-06-09,200.0000,call,sell,2023-06-02T14:37:26.069032Z,credit,1.00000,limit,,long_call,15.75000000,1.00000
TSLA,2023-06-09,200.0000,call,sell,2023-06-02T14:36:13.350540Z,credit,1.00000,limit,,long_call,15.80000000,1.00000
TSLA,2023-06-09,200.0000,call,buy,2023-06-02T14:32:18.778135Z,debit,5.00000,limit,long_call,,15.70000000,5.00000
NVDA,2023-06-16,385.0000,call,sell,2023-06-02T14:12:28.369276Z,credit,1.00000,limit,,long_call,21.20000000,1.00000
NVDA,2023-06-16,385.0000,call,sell,2023-06-02T14:09:11.570666Z,credit,1.00000,limit,,long_call,20.80000000,1.00000
NVDA,2023-06-16,385.0000,call,buy,2023-06-02T13:46:55.264178Z,debit,2.00000,limit,long_call,,20.90000000,2.00000
NFLX,2023-06-09,380.0000,call,sell,2023-06-02T13:45:34.881696Z,credit,1.00000,limit,,long_call,22.80000000,1.00000
TSLA,2023-06-09,195.0000,call,sell,2023-06-02T13:40:28.402978Z,credit,2.00000,limit,,long_call,19.00000000,2.00000
TSLA,2023-06-09,195.0000,call,buy,2023-06-01T19:45:38.004349Z,debit,2.00000,limit,long_call,,15.25000000,2.00000
NFLX,2023-06-09,380.0000,call,buy,2023-06-01T14:02:02.730131Z,debit,1.00000,limit,long_call,,26.80000000,1.00000
META,2023-06-09,262.5000,call,sell,2023-06-01T13:40:39.918942Z,credit,3.00000,limit,,long_call,10.65000000,3.00000
META,2023-06-09,262.5000,call,buy,2023-06-01T13:32:51.543944Z,debit,3.00000,limit,long_call,,9.50000000,3.00000
TSLA,2023-06-02,180.0000,put,sell,2023-05-30T14:00:34.915812Z,debit,5.00000,limit,,short_put_spread,0.48000000,5.00000
TSLA,2023-06-02,185.0000,put,buy,2023-05-30T14:00:34.915812Z,debit,5.00000,limit,,short_put_spread,0.48000000,5.00000
META,2023-06-02,257.5000,call,sell,2023-05-30T13:59:40.780774Z,credit,1.00000,limit,,long_call,9.20000000,1.00000
META,2023-06-02,257.5000,call,sell,2023-05-26T19:21:51.716469Z,credit,1.00000,limit,,long_call,7.10000000,1.00000
META,2023-06-02,257.5000,call,buy,2023-05-26T19:16:30.677779Z,debit,2.00000,limit,long_call,,7.40000000,2.00000
META,2023-06-02,257.5000,call,sell,2023-05-26T19:03:31.220708Z,credit,1.00000,limit,,long_call,7.50000000,1.00000
AMZN,2023-06-02,118.0000,call,sell,2023-05-26T19:02:48.912650Z,credit,2.00000,limit,,long_call,4.00000000,2.00000
META,2023-06-09,250.0000,call,sell,2023-05-26T19:01:58.213794Z,credit,1.00000,limit,,long_call,14.70000000,1.00000
META,2023-06-02,257.5000,call,sell,2023-05-26T19:01:13.238544Z,credit,2.00000,limit,,long_call,7.20000000,2.00000
AMZN,2023-06-02,118.0000,call,sell,2023-05-26T19:00:49.780003Z,credit,10.00000,limit,,long_call,3.90000000,10.00000
AMZN,2023-06-02,118.0000,call,buy,2023-05-26T18:19:00.881640Z,debit,5.00000,limit,long_call,,3.95000000,5.00000
AMZN,2023-06-02,118.0000,call,sell,2023-05-26T17:46:38.764366Z,credit,8.00000,limit,,long_call,3.80000000,8.00000
META,2023-06-09,250.0000,call,sell,2023-05-26T17:42:00.182632Z,credit,2.00000,limit,,long_call,12.20000000,2.00000
META,2023-06-02,252.5000,call,sell,2023-05-26T17:40:55.436428Z,credit,1.00000,limit,,long_call,8.50000000,1.00000
AMZN,2023-06-02,118.0000,call,buy,2023-05-26T17:10:59.097697Z,debit,10.00000,limit,long_call,,4.30000000,10.00000
META,2023-06-02,257.5000,call,buy,2023-05-26T17:05:20.548650Z,debit,3.00000,limit,long_call,,5.85000000,3.00000
META,2023-06-09,250.0000,call,buy,2023-05-26T17:04:27.592391Z,debit,3.00000,limit,long_call,,12.90000000,3.00000
AMZN,2023-06-02,118.0000,call,buy,2023-05-26T16:53:15.933146Z,debit,5.00000,limit,long_call,,3.95000000,5.00000
META,2023-06-02,252.5000,call,buy,2023-05-26T16:22:10.189326Z,debit,1.00000,limit,long_call,,8.50000000,1.00000
TSLA,2023-06-02,185.0000,put,sell,2023-05-26T16:18:48.345700Z,credit,5.00000,limit,short_put_spread,,0.89000000,5.00000
TSLA,2023-06-02,180.0000,put,buy,2023-05-26T16:18:48.345700Z,credit,5.00000,limit,short_put_spread,,0.89000000,5.00000
NVDA,2023-05-26,385.0000,put,sell,2023-05-25T16:18:32.635216Z,credit,3.00000,limit,,long_put,7.15000000,3.00000
NVDA,2023-05-26,385.0000,put,sell,2023-05-25T16:15:51.833259Z,credit,1.00000,limit,,long_put,7.45000000,1.00000
NVDA,2023-05-26,385.0000,put,sell,2023-05-25T16:15:16.214250Z,credit,1.00000,limit,,long_put,7.30000000,1.00000
NVDA,2023-05-26,385.0000,put,buy,2023-05-25T16:14:25.519923Z,debit,5.00000,limit,long_put,,7.05000000,5.00000
NVDA,2023-05-26,387.5000,put,sell,2023-05-25T16:13:13.153143Z,credit,2.00000,limit,,long_put,8.65000000,2.00000
NVDA,2023-05-26,387.5000,put,buy,2023-05-25T16:05:58.909038Z,debit,2.00000,limit,long_put,,8.15000000,2.00000
AMZN,2023-05-26,117.0000,put,sell,2023-05-24T14:08:52.263295Z,credit,1.00000,limit,,long_put,1.98000000,1.00000
AMZN,2023-05-26,117.0000,put,buy,2023-05-24T14:03:27.704078Z,debit,1.00000,limit,long_put,,1.92000000,1.00000
AMZN,2023-05-26,116.0000,put,sell,2023-05-24T14:00:46.228055Z,credit,2.00000,limit,,long_put,1.08000000,2.00000
AMZN,2023-05-26,116.0000,put,buy,2023-05-24T13:58:25.711778Z,debit,2.00000,limit,long_put,,1.34000000,2.00000
AMZN,2023-05-26,116.0000,call,sell,2023-05-24T13:47:23.327148Z,credit,4.00000,limit,,long_call,1.60000000,4.00000
AMZN,2023-05-26,116.0000,call,buy,2023-05-24T13:43:16.999109Z,debit,4.00000,limit,long_call,,1.90000000,4.00000
AMZN,2023-06-02,114.0000,call,sell,2023-05-24T13:37:55.529496Z,credit,1.00000,limit,,long_call,3.95000000,1.00000
AMZN,2023-06-02,114.0000,call,buy,2023-05-23T16:13:08.139009Z,debit,1.00000,limit,long_call,,4.25000000,1.00000
AMZN,2023-06-02,115.0000,call,sell,2023-05-23T16:07:11.003758Z,credit,3.00000,limit,,long_call,3.40000000,3.00000
AMZN,2023-06-02,115.0000,call,buy,2023-05-23T15:07:12.026887Z,debit,3.00000,limit,long_call,,2.97000000,3.00000
TSLA,2023-06-02,167.5000,put,buy,2023-05-23T15:02:50.571561Z,debit,3.00000,limit,,short_put_spread,0.28000000,3.00000
TSLA,2023-06-02,160.0000,put,sell,2023-05-23T15:02:50.571561Z,debit,3.00000,limit,,short_put_spread,0.28000000,3.00000
TSLA,2023-05-26,175.0000,put,sell,2023-05-23T15:01:36.104226Z,credit,10.00000,limit,,long_put,0.28000000,10.00000
TSLA,2023-05-26,182.5000,put,buy,2023-05-23T15:01:00.675805Z,debit,10.00000,limit,,short_put,0.93000000,10.00000
META,2023-06-02,240.0000,call,sell,2023-05-22T19:19:45.692900Z,credit,1.00000,limit,,long_call,11.70000000,1.00000
TSLA,2023-05-26,192.5000,call,sell,2023-05-22T19:17:41.038047Z,credit,3.00000,limit,,long_call,2.65000000,3.00000
TSLA,2023-05-26,182.5000,put,sell,2023-05-22T19:00:04.152685Z,credit,10.00000,limit,short_put_spread,,1.17000000,10.00000
TSLA,2023-05-26,175.0000,put,buy,2023-05-22T19:00:04.152685Z,credit,10.00000,limit,short_put_spread,,1.17000000,10.00000
TSLA,2023-05-26,192.5000,call,buy,2023-05-22T18:53:14.668163Z,debit,3.00000,limit,long_call,,2.42000000,3.00000
META,2023-05-26,242.5000,call,sell,2023-05-22T18:51:21.148309Z,credit,1.00000,limit,,long_call,8.95000000,1.00000
META,2023-05-26,242.5000,call,sell,2023-05-22T18:50:17.460937Z,credit,2.00000,limit,,long_call,8.85000000,2.00000
META,2023-06-02,240.0000,call,sell,2023-05-22T18:49:33.881837Z,credit,1.00000,limit,,long_call,12.20000000,1.00000
META,2023-05-26,242.5000,call,buy,2023-05-22T18:18:36.963108Z,debit,3.00000,limit,long_call,,8.65000000,3.00000
META,2023-06-02,240.0000,call,buy,2023-05-22T18:17:09.478543Z,debit,2.00000,limit,long_call,,11.90000000,2.00000
AMZN,2023-05-26,116.0000,call,sell,2023-05-22T15:17:10.720079Z,credit,1.00000,limit,,long_call,1.33000000,1.00000
ADBE,2023-06-02,350.0000,call,sell,2023-05-22T15:16:19.487142Z,credit,1.00000,limit,,long_call,23.20000000,1.00000
ADBE,2023-06-02,350.0000,call,buy,2023-05-19T19:48:27.467325Z,debit,1.00000,limit,long_call,,23.50000000,1.00000
AMZN,2023-05-26,116.0000,call,buy,2023-05-19T19:47:10.844659Z,debit,1.00000,limit,long_call,,1.90000000,1.00000
TSLA,2023-06-02,175.0000,call,sell,2023-05-19T17:32:19.539208Z,credit,2.00000,limit,,long_call,9.20000000,2.00000
TSLA,2023-06-02,175.0000,call,buy,2023-05-19T16:55:29.395585Z,debit,2.00000,limit,long_call,,8.70000000,2.00000
TSLA,2023-06-02,167.5000,put,sell,2023-05-19T16:54:40.301481Z,credit,3.00000,limit,short_put_spread,,1.02000000,3.00000
TSLA,2023-06-02,160.0000,put,buy,2023-05-19T16:54:40.301481Z,credit,3.00000,limit,short_put_spread,,1.02000000,3.00000
AMZN,2023-05-26,117.0000,call,sell,2023-05-19T13:34:01.361352Z,credit,4.00000,limit,,long_call,2.28000000,4.00000
AMZN,2023-05-26,117.0000,call,buy,2023-05-18T19:02:22.852160Z,debit,4.00000,limit,long_call,,2.17000000,4.00000
GS,2023-05-26,300.0000,call,sell,2023-05-17T15:56:04.917518Z,credit,1.00000,limit,,long_call,27.40000000,1.00000
GS,2023-05-26,300.0000,call,sell,2023-05-16T19:02:39.795076Z,credit,1.00000,limit,,long_call,22.50000000,1.00000
AMZN,2023-05-19,112.0000,call,sell,2023-05-16T19:01:52.499156Z,credit,4.00000,limit,,long_call,2.80000000,4.00000
GS,2023-05-26,300.0000,call,buy,2023-05-15T18:46:44.662202Z,debit,2.00000,limit,long_call,,23.10000000,2.00000
AMZN,2023-05-19,112.0000,call,buy,2023-05-15T18:38:58.593021Z,debit,4.00000,limit,long_call,,1.18000000,4.00000
BAC,2023-05-19,27.0000,call,sell,2023-05-15T17:15:16.773492Z,credit,6.00000,limit,,long_call,0.88000000,6.00000
BAC,2023-05-19,27.0000,call,buy,2023-05-15T15:16:41.661411Z,debit,6.00000,limit,long_call,,0.75000000,6.00000
AMZN,2023-05-19,111.0000,put,sell,2023-05-12T14:55:01.946611Z,credit,3.00000,limit,,long_put,1.81000000,3.00000
AMZN,2023-05-19,111.0000,put,buy,2023-05-12T14:46:38.850030Z,debit,3.00000,limit,long_put,,1.78000000,3.00000
AMZN,2023-05-19,111.0000,put,sell,2023-05-12T14:32:16.147894Z,credit,1.00000,limit,,long_put,1.85000000,1.00000
AMZN,2023-05-19,111.0000,put,buy,2023-05-12T14:30:11.127061Z,debit,1.00000,limit,long_put,,1.79000000,1.00000
AMZN,2023-05-19,112.0000,put,sell,2023-05-12T14:28:07.341014Z,credit,5.00000,limit,,long_put,2.20000000,5.00000
AMZN,2023-05-19,112.0000,put,buy,2023-05-12T14:22:06.279272Z,debit,5.00000,limit,long_put,,2.21000000,5.00000
AMZN,2023-05-19,112.0000,put,sell,2023-05-12T14:01:37.934483Z,credit,10.00000,limit,,long_put,2.12000000,10.00000
AMZN,2023-05-19,112.0000,put,sell,2023-05-12T13:59:51.082329Z,credit,11.00000,limit,,long_put,1.96000000,11.00000
AMZN,2023-05-19,112.0000,put,buy,2023-05-12T13:53:49.774549Z,debit,4.00000,limit,long_put,,1.89000000,4.00000
AMZN,2023-05-19,112.0000,put,buy,2023-05-12T13:50:05.971832Z,debit,17.00000,limit,long_put,,2.08000000,17.00000
AMZN,2023-06-23,109.0000,put,buy,2023-05-12T13:48:31.617526Z,debit,22.00000,limit,,short_put_spread,2.16000000,22.00000
AMZN,2023-06-23,100.0000,put,sell,2023-05-12T13:48:31.617526Z,debit,22.00000,limit,,short_put_spread,2.16000000,22.00000
AMZN,2023-06-23,109.0000,put,sell,2023-05-11T19:10:27.071875Z,credit,22.00000,limit,short_put_spread,,1.86000000,22.00000
AMZN,2023-06-23,100.0000,put,buy,2023-05-11T19:10:27.071875Z,credit,22.00000,limit,short_put_spread,,1.86000000,22.00000
AMZN,2023-06-23,100.0000,call,sell,2023-05-11T18:54:37.808188Z,credit,3.00000,limit,,long_call,14.50000000,3.00000
AMZN,2023-06-23,100.0000,call,buy,2023-05-11T18:06:01.883415Z,debit,3.00000,limit,long_call,,14.20000000,3.00000
AAPL,2023-05-12,170.0000,call,sell,2023-05-04T14:54:55.120665Z,credit,5.00000,limit,,long_call,2.55000000,5.00000
AAPL,2023-05-12,170.0000,call,buy,2023-05-04T13:45:15.235460Z,debit,5.00000,limit,long_call,,2.02000000,5.00000
META,2023-05-05,235.0000,call,sell,2023-05-04T13:41:22.666591Z,credit,2.00000,limit,,long_call,3.20000000,2.00000
AMZN,2023-05-05,104.0000,put,sell,2023-05-04T13:40:55.597153Z,credit,5.00000,limit,,long_put,0.66000000,5.00000
META,2023-05-05,242.5000,call,buy,2023-05-04T13:39:41.770696Z,debit,2.00000,limit,,short_call,0.55000000,2.00000
AMZN,2023-05-05,104.0000,put,buy,2023-05-01T15:25:40.599084Z,debit,5.00000,limit,long_put,,2.72000000,5.00000
AMZN,2023-05-19,111.0000,call,sell,2023-05-01T15:24:52.025322Z,credit,1.00000,limit,,long_call,0.51000000,1.00000
META,2023-05-05,242.5000,call,sell,2023-05-01T15:24:21.328701Z,credit,2.00000,limit,short_call,,1.44000000,2.00000
AMZN,2023-05-19,111.0000,call,sell,2023-05-01T13:58:39.482511Z,credit,11.00000,limit,,long_call,0.86000000,11.00000
AMZN,2023-05-19,107.0000,call,buy,2023-05-01T13:56:52.451800Z,debit,12.00000,limit,,short_call,2.02000000,12.00000
META,2023-05-05,235.0000,call,buy,2023-05-01T13:55:20.871429Z,debit,2.00000,limit,long_call,,7.25000000,2.00000
AMZN,2023-05-19,111.0000,call,buy,2023-05-01T13:43:03.334662Z,credit,12.00000,limit,short_call_spread,,1.10000000,12.00000
AMZN,2023-05-19,107.0000,call,sell,2023-05-01T13:43:03.334662Z,credit,12.00000,limit,short_call_spread,,1.10000000,12.00000
AMZN,2023-05-12,100.0000,put,sell,2023-05-01T13:40:20.116819Z,credit,7.00000,limit,,long_put,1.11000000,7.00000
AMZN,2023-05-05,105.0000,put,sell,2023-05-01T13:39:21.334226Z,credit,2.00000,limit,,long_put,2.47000000,2.00000
AMZN,2023-05-05,105.0000,put,buy,2023-05-01T13:34:01.398267Z,debit,2.00000,limit,long_put,,2.07000000,2.00000
AMZN,2023-05-12,106.0000,put,buy,2023-05-01T13:33:06.069478Z,debit,7.00000,limit,,short_put,3.25000000,7.00000
AMZN,2023-05-12,100.0000,put,buy,2023-04-27T16:45:21.834821Z,credit,7.00000,limit,short_put_spread,,1.67000000,7.00000
AMZN,2023-05-12,106.0000,put,sell,2023-04-27T16:45:21.834821Z,credit,7.00000,limit,short_put_spread,,1.67000000,7.00000
TSLA,2023-05-05,175.0000,call,sell,2023-04-27T13:37:20.185570Z,debit,2.00000,limit,,short_call_spread,0.66000000,2.00000
TSLA,2023-05-05,167.5000,call,buy,2023-04-27T13:37:20.185570Z,debit,2.00000,limit,,short_call_spread,0.66000000,2.00000
META,2023-05-12,217.5000,put,buy,2023-04-27T13:35:51.723359Z,debit,3.00000,limit,,short_put_spread,0.35000000,3.00000
META,2023-05-12,215.0000,put,sell,2023-04-27T13:35:51.723359Z,debit,3.00000,limit,,short_put_spread,0.35000000,3.00000
TSLA,2023-05-05,175.0000,call,buy,2023-04-24T14:45:41.344482Z,credit,2.00000,limit,short_call_spread,,1.58000000,2.00000
TSLA,2023-05-05,167.5000,call,sell,2023-04-24T14:45:41.344482Z,credit,2.00000,limit,short_call_spread,,1.58000000,2.00000
META,2023-04-21,217.5000,put,buy,2023-04-21T19:32:26.918245Z,debit,3.00000,limit,,short_put_spread,4.62000000,3.00000
META,2023-04-21,212.5000,put,sell,2023-04-21T19:32:26.918245Z,debit,3.00000,limit,,short_put_spread,4.62000000,3.00000
BAC,2023-04-21,30.0000,call,sell,2023-04-18T13:39:05.740920Z,credit,15.00000,limit,,long_call,0.68000000,15.00000
BAC,2023-04-21,32.5000,call,buy,2023-04-18T13:32:35.126563Z,debit,15.00000,limit,,short_call,0.04000000,15.00000
BAC,2023-04-21,32.5000,call,sell,2023-04-17T19:48:42.039311Z,credit,15.00000,limit,short_call,,0.12000000,15.00000
BAC,2023-04-21,30.0000,call,buy,2023-04-17T18:47:02.368239Z,debit,15.00000,limit,long_call,,0.87000000,15.00000
META,2023-04-21,217.5000,put,sell,2023-04-14T18:54:23.100673Z,credit,3.00000,limit,short_put_spread,,1.19000000,3.00000
META,2023-04-21,212.5000,put,buy,2023-04-14T18:54:23.100673Z,credit,3.00000,limit,short_put_spread,,1.19000000,3.00000
AMC,2023-04-14,5.0000,call,sell,2023-04-12T16:05:43.714704Z,credit,5.00000,limit,,long_call,0.63000000,5.00000
META,2023-05-12,215.0000,put,sell,2023-04-12T16:04:31.107241Z,credit,1.00000,limit,,long_put,11.90000000,1.00000
META,2023-05-12,217.5000,put,buy,2023-04-12T16:03:12.094794Z,debit,1.00000,limit,,short_put,13.10000000,1.00000
AMC,2023-04-14,5.0000,call,buy,2023-04-10T17:50:43.843157Z,debit,5.00000,limit,long_call,,0.41000000,5.00000
META,2023-04-14,220.0000,call,sell,2023-04-10T16:06:35.742962Z,credit,2.00000,limit,,long_call,0.85000000,2.00000
META,2023-04-14,220.0000,call,buy,2023-04-10T06:35:44.460883Z,debit,2.00000,limit,long_call,,1.25000000,2.00000
META,2023-05-12,217.5000,put,sell,2023-04-10T06:28:44.951561Z,credit,4.00000,limit,short_put_spread,,1.28000000,4.00000
META,2023-05-12,215.0000,put,buy,2023-04-10T06:28:44.951561Z,credit,4.00000,limit,short_put_spread,,1.28000000,4.00000
AAPL,2023-04-14,157.5000,put,sell,2023-03-30T19:43:58.213892Z,credit,2.00000,limit,short_put_spread,,0.80000000,2.00000
AAPL,2023-04-14,152.5000,put,buy,2023-03-30T19:43:58.213892Z,credit,2.00000,limit,short_put_spread,,0.80000000,2.00000
AAL,2023-03-31,15.0000,call,sell,2023-03-27T14:22:35.940501Z,credit,1.00000,limit,,long_call,0.02000000,1.00000
AAL,2023-03-31,14.0000,call,sell,2023-03-27T14:22:13.035274Z,credit,1.00000,limit,,long_call,0.23000000,1.00000
AAL,2023-03-31,14.5000,call,buy,2023-03-27T14:21:45.961721Z,debit,1.00000,limit,,short_call,0.09000000,1.00000
ADBE,2023-03-24,375.0000,call,buy,2023-03-24T19:51:33.297190Z,credit,8.00000,limit,,long_call_spread,1.33000000,8.00000
ADBE,2023-03-24,372.5000,call,sell,2023-03-24T19:51:33.297190Z,credit,8.00000,limit,,long_call_spread,1.33000000,8.00000
ADBE,2023-03-24,375.0000,call,buy,2023-03-24T19:30:42.254093Z,debit,8.00000,limit,,short_call_spread,0.71000000,8.00000
ADBE,2023-03-24,377.5000,call,sell,2023-03-24T19:30:42.254093Z,debit,8.00000,limit,,short_call_spread,0.71000000,8.00000
ADBE,2023-03-24,372.5000,call,buy,2023-03-23T15:35:29.813966Z,debit,8.00000,limit,custom,,0.30000000,8.00000
ADBE,2023-03-24,375.0000,call,sell,2023-03-23T15:35:29.813966Z,debit,8.00000,limit,custom,,0.30000000,8.00000
ADBE,2023-03-24,377.5000,call,buy,2023-03-23T15:35:29.813966Z,debit,8.00000,limit,custom,,0.30000000,8.00000
AAL,2023-03-31,15.0000,call,buy,2023-03-14T00:30:03.361013Z,debit,1.00000,limit,custom,,0.09000000,1.00000
AAL,2023-03-31,14.5000,call,sell,2023-03-14T00:30:03.361013Z,debit,1.00000,limit,custom,,0.09000000,1.00000
AAL,2023-03-31,14.0000,call,buy,2023-03-14T00:30:03.361013Z,debit,1.00000,limit,custom,,0.09000000,1.00000
AAL,2023-03-10,16.0000,call,buy,2023-03-10T20:30:35.147012Z,credit,11.00000,limit,,long_call_spread,0.01000000,11.00000
AAL,2023-03-10,15.5000,call,sell,2023-03-10T20:30:35.147012Z,credit,11.00000,limit,,long_call_spread,0.01000000,11.00000
AAL,2023-03-10,16.5000,call,buy,2023-03-07T20:58:19.505211Z,debit,11.00000,limit,custom,,0.15000000,11.00000
AAL,2023-03-10,16.0000,call,sell,2023-03-07T20:58:19.505211Z,debit,11.00000,limit,custom,,0.15000000,11.00000
AAL,2023-03-10,15.5000,call,buy,2023-03-07T20:58:19.505211Z,debit,11.00000,limit,custom,,0.15000000,11.00000
TSLA,2023-02-03,157.5000,put,sell,2023-02-02T16:36:40.537264Z,credit,2.00000,limit,,long_put,0.02000000,2.00000
TSLA,2023-02-03,165.0000,put,buy,2023-02-02T16:36:10.460250Z,debit,1.00000,limit,,short_put,0.06000000,1.00000
TSLA,2023-02-03,165.0000,put,buy,2023-02-02T15:22:45.858944Z,debit,1.00000,limit,,short_put,0.08000000,1.00000
TSLA,2023-02-03,165.0000,put,sell,2023-01-27T16:42:24.994029Z,credit,2.00000,limit,short_put_spread,,2.05000000,2.00000
TSLA,2023-02-03,157.5000,put,buy,2023-01-27T16:42:24.994029Z,credit,2.00000,limit,short_put_spread,,2.05000000,2.00000
AAPL,2023-02-03,130.0000,put,buy,2023-01-27T16:39:51.131365Z,debit,4.00000,limit,,short_put_spread,0.13000000,4.00000
AAPL,2023-02-03,124.0000,put,sell,2023-01-27T16:39:51.131365Z,debit,4.00000,limit,,short_put_spread,0.13000000,4.00000
AAPL,2023-02-03,130.0000,put,sell,2023-01-19T19:55:21.605191Z,credit,4.00000,limit,short_put_spread,,1.21000000,4.00000
AAPL,2023-02-03,124.0000,put,buy,2023-01-19T19:55:21.605191Z,credit,4.00000,limit,short_put_spread,,1.21000000,4.00000
INTC,2023-01-20,28.5000,call,buy,2023-01-19T19:12:18.993540Z,debit,30.00000,limit,custom,,0.13000000,30.00000
INTC,2023-01-20,28.0000,call,sell,2023-01-19T19:12:18.993540Z,debit,30.00000,limit,custom,,0.13000000,30.00000
INTC,2023-01-20,27.5000,call,buy,2023-01-19T19:12:18.993540Z,debit,30.00000,limit,custom,,0.13000000,30.00000
AAL,2023-01-20,17.0000,call,buy,2023-01-19T15:40:08.831513Z,debit,20.00000,limit,,short_call_spread,0.03000000,20.00000
AAL,2023-01-20,17.5000,call,sell,2023-01-19T15:40:08.831513Z,debit,20.00000,limit,,short_call_spread,0.03000000,20.00000
AAL,2023-01-20,17.5000,call,buy,2023-01-18T17:10:03.582403Z,credit,20.00000,limit,short_call_spread,,0.14000000,20.00000
AAL,2023-01-20,17.0000,call,sell,2023-01-18T17:10:03.582403Z,credit,20.00000,limit,short_call_spread,,0.14000000,20.00000
ADBE,2023-01-20,340.0000,call,buy,2023-01-07T01:25:37.061475Z,debit,3.00000,limit,custom,,0.43000000,3.00000
ADBE,2023-01-20,335.0000,call,sell,2023-01-07T01:25:37.061475Z,debit,3.00000,limit,custom,,0.43000000,3.00000
ADBE,2023-01-20,330.0000,call,buy,2023-01-07T01:25:37.061475Z,debit,3.00000,limit,custom,,0.43000000,3.00000
ADBE,2022-12-30,337.5000,call,buy,2022-12-30T20:40:35.425709Z,debit,3.00000,limit,,short_call_spread,0.03000000,3.00000
ADBE,2022-12-30,342.5000,call,sell,2022-12-30T20:40:35.425709Z,debit,3.00000,limit,,short_call_spread,0.03000000,3.00000
AAL,2022-12-30,13.0000,call,buy,2022-12-30T20:35:37.437511Z,credit,1.00000,limit,,long_call_spread,0.11000000,1.00000
AAL,2022-12-30,12.5000,call,sell,2022-12-30T20:35:37.437511Z,credit,1.00000,limit,,long_call_spread,0.11000000,1.00000
AAL,2022-12-30,13.0000,call,buy,2022-12-30T20:30:38.354892Z,credit,4.00000,limit,,long_call_spread,0.14000000,4.00000
AAL,2022-12-30,12.5000,call,sell,2022-12-30T20:30:38.354892Z,credit,4.00000,limit,,long_call_spread,0.14000000,4.00000
ADBE,2022-12-30,337.5000,call,buy,2022-12-30T20:30:38.057393Z,credit,3.00000,limit,,long_call_spread,1.49000000,3.00000
ADBE,2022-12-30,332.5000,call,sell,2022-12-30T20:30:38.057393Z,credit,3.00000,limit,,long_call_spread,1.49000000,3.00000
ADBE,2022-12-30,332.5000,call,buy,2022-12-29T15:41:20.346132Z,debit,3.00000,limit,custom,,1.60000000,3.00000
ADBE,2022-12-30,337.5000,call,sell,2022-12-29T15:41:20.346132Z,debit,3.00000,limit,custom,,1.60000000,3.00000
ADBE,2022-12-30,342.5000,call,buy,2022-12-29T15:41:20.346132Z,debit,3.00000,limit,custom,,1.60000000,3.00000
AAL,2022-12-30,13.5000,call,buy,2022-12-21T18:22:57.898436Z,debit,5.00000,limit,custom,,0.15000000,5.00000
AAL,2022-12-30,13.0000,call,sell,2022-12-21T18:22:57.898436Z,debit,5.00000,limit,custom,,0.15000000,5.00000
AAL,2022-12-30,12.5000,call,buy,2022-12-21T18:22:57.898436Z,debit,5.00000,limit,custom,,0.15000000,5.00000
TSLA,2022-12-23,136.0000,call,buy,2022-12-21T15:25:03.664105Z,debit,11.00000,limit,custom,,0.17000000,11.00000
TSLA,2022-12-23,137.0000,call,sell,2022-12-21T15:25:03.664105Z,debit,11.00000,limit,custom,,0.17000000,11.00000
TSLA,2022-12-23,138.0000,call,buy,2022-12-21T15:25:03.664105Z,debit,11.00000,limit,custom,,0.17000000,11.00000
TSLA,2022-12-23,145.0000,put,sell,2022-12-20T20:45:26.496692Z,debit,2.00000,limit,,iron_condor,0.95000000,2.00000
TSLA,2022-12-23,155.0000,call,buy,2022-12-20T20:45:26.496692Z,debit,2.00000,limit,,iron_condor,0.95000000,2.00000
TSLA,2022-12-23,146.0000,put,buy,2022-12-20T20:45:26.496692Z,debit,2.00000,limit,,iron_condor,0.95000000,2.00000
TSLA,2022-12-23,157.5000,call,sell,2022-12-20T20:45:26.496692Z,debit,2.00000,limit,,iron_condor,0.95000000,2.00000
TSLA,2022-12-23,157.5000,call,buy,2022-12-19T17:47:49.374887Z,credit,2.00000,limit,iron_condor,,1.05000000,2.00000
TSLA,2022-12-23,155.0000,call,sell,2022-12-19T17:47:49.374887Z,credit,2.00000,limit,iron_condor,,1.05000000,2.00000
TSLA,2022-12-23,146.0000,put,sell,2022-12-19T17:47:49.374887Z,credit,2.00000,limit,iron_condor,,1.05000000,2.00000
TSLA,2022-12-23,145.0000,put,buy,2022-12-19T17:47:49.374887Z,credit,2.00000,limit,iron_condor,,1.05000000,2.00000
MSFT,2022-12-16,247.5000,call,buy,2022-12-16T20:37:33.182345Z,credit,3.00000,limit,,long_call_spread,1.53000000,3.00000
MSFT,2022-12-16,245.0000,call,sell,2022-12-16T20:37:33.182345Z,credit,3.00000,limit,,long_call_spread,1.53000000,3.00000
MSFT,2022-12-16,247.5000,call,buy,2022-12-16T20:32:30.179995Z,debit,3.00000,limit,,short_call_spread,0.29000000,3.00000
MSFT,2022-12-16,250.0000,call,sell,2022-12-16T20:32:30.179995Z,debit,3.00000,limit,,short_call_spread,0.29000000,3.00000
AAL,2022-12-16,14.0000,call,buy,2022-12-12T14:53:00.642203Z,debit,5.00000,limit,custom,,0.12000000,5.00000
AAL,2022-12-16,13.5000,call,sell,2022-12-12T14:53:00.642203Z,debit,5.00000,limit,custom,,0.12000000,5.00000
AAL,2022-12-16,13.0000,call,buy,2022-12-12T14:53:00.642203Z,debit,5.00000,limit,custom,,0.12000000,5.00000
AAL,2022-12-09,14.0000,call,buy,2022-12-09T20:30:35.250306Z,credit,5.00000,limit,,long_call_spread,0.01000000,5.00000
AAL,2022-12-09,13.5000,call,sell,2022-12-09T20:30:35.250306Z,credit,5.00000,limit,,long_call_spread,0.01000000,5.00000
INTC,2022-12-09,28.5000,call,buy,2022-12-09T20:30:34.806311Z,credit,4.00000,limit,,long_call_spread,0.39000000,4.00000
INTC,2022-12-09,28.0000,call,sell,2022-12-09T20:30:34.806311Z,credit,4.00000,limit,,long_call_spread,0.39000000,4.00000
TSLA,2022-12-16,170.0000,call,sell,2022-12-09T17:37:54.655588Z,credit,1.00000,limit,,long_call,14.85000000,1.00000
MSFT,2022-12-16,250.0000,call,buy,2022-12-09T17:35:06.410595Z,debit,3.00000,limit,custom,,0.20000000,3.00000
MSFT,2022-12-16,247.5000,call,sell,2022-12-09T17:35:06.410595Z,debit,3.00000,limit,custom,,0.20000000,3.00000
MSFT,2022-12-16,245.0000,call,buy,2022-12-09T17:35:06.410595Z,debit,3.00000,limit,custom,,0.20000000,3.00000
TSLA,2022-12-16,170.0000,call,buy,2022-12-09T17:31:39.717863Z,debit,1.00000,limit,long_call,,14.75000000,1.00000
BA,2022-12-16,177.5000,call,buy,2022-12-07T17:26:02.393904Z,debit,1.00000,limit,custom,,0.25000000,1.00000
BA,2022-12-16,175.0000,call,sell,2022-12-07T17:26:02.393904Z,debit,1.00000,limit,custom,,0.25000000,1.00000
BA,2022-12-16,172.5000,call,buy,2022-12-07T17:26:02.393904Z,debit,1.00000,limit,custom,,0.25000000,1.00000
ENPH,2022-12-09,337.5000,call,buy,2022-12-05T20:49:50.177168Z,debit,1.00000,limit,custom,,0.23000000,1.00000
ENPH,2022-12-09,335.0000,call,sell,2022-12-05T20:49:50.177168Z,debit,1.00000,limit,custom,,0.23000000,1.00000
ENPH,2022-12-09,332.5000,call,buy,2022-12-05T20:49:50.177168Z,debit,1.00000,limit,custom,,0.23000000,1.00000
AAL,2022-12-09,14.5000,call,buy,2022-11-30T18:39:57.539835Z,debit,5.00000,limit,custom,,0.11000000,5.00000
AAL,2022-12-09,14.0000,call,sell,2022-11-30T18:39:57.539835Z,debit,5.00000,limit,custom,,0.11000000,5.00000
AAL,2022-12-09,13.5000,call,buy,2022-11-30T18:39:57.539835Z,debit,5.00000,limit,custom,,0.11000000,5.00000
AAL,2022-12-02,14.0000,call,sell,2022-11-30T18:29:50.050294Z,credit,4.00000,limit,,long_call,0.22000000,4.00000
AAL,2022-12-02,14.0000,call,sell,2022-11-29T20:44:43.705322Z,credit,6.00000,limit,,long_call,0.32000000,6.00000
AAL,2022-12-02,14.0000,call,buy,2022-11-29T20:38:25.080127Z,debit,10.00000,limit,long_call,,0.34000000,10.00000
INTC,2022-12-09,29.0000,call,buy,2022-11-29T14:49:04.203605Z,debit,5.00000,limit,custom,,0.06000000,5.00000
INTC,2022-12-09,28.5000,call,sell,2022-11-29T14:49:04.203605Z,debit,5.00000,limit,custom,,0.06000000,5.00000
INTC,2022-12-09,28.0000,call,buy,2022-11-29T14:49:04.203605Z,debit,5.00000,limit,custom,,0.06000000,5.00000
SLV,2020-10-02,22.0000,put,sell,2020-10-02T13:41:41.060151Z,credit,2.00000,limit,,long_put,0.06000000,2.00000
SLV,2020-10-02,22.0000,put,buy,2020-09-24T02:30:45.646041Z,debit,2.00000,limit,long_put,,0.85000000,2.00000
RCL,2020-09-04,80.0000,call,sell,2020-09-03T14:20:45.187651Z,credit,4.00000,limit,,long_call,0.30000000,4.00000
RCL,2020-09-04,75.0000,call,sell,2020-09-03T14:11:21.377883Z,credit,1.00000,limit,,long_call,1.01000000,1.00000
RCL,2020-09-04,80.0000,call,buy,2020-08-28T16:21:17.851617Z,debit,4.00000,limit,long_call,,0.74000000,4.00000
RCL,2020-09-04,75.0000,call,buy,2020-08-28T16:19:19.781456Z,debit,1.00000,limit,long_call,,1.63000000,1.00000
SPCE,2020-09-18,22.0000,call,sell,2020-08-04T13:30:15.583382Z,credit,1.00000,limit,,long_call,2.93000000,1.00000
SPCE,2020-09-18,22.0000,call,buy,2020-08-03T19:58:05.897502Z,debit,1.00000,limit,long_call,,4.60000000,1.00000
SPCE,2020-08-21,22.0000,call,sell,2020-07-24T14:57:19.996476Z,credit,1.00000,limit,,long_call,4.55000000,1.00000
SPCE,2020-08-21,22.0000,call,buy,2020-07-24T14:44:47.535372Z,debit,1.00000,limit,long_call,,4.55000000,1.00000
